product_id,product_name,brand,category,sub_category,list_price
PROD000001,iPhone 15 Pro,Apple,Electronics,Mobile,134900
PROD000002,Galaxy S24 Ultra,Samsung,Electronics,Mobile,129999
PROD000003,Pixel 8 Pro,Google,Electronics,Mobile,106999
PROD000004,OnePlus 12,OnePlus,Electronics,Mobile,64999
PROD000005,Redmi Note 13 Pro+,Xiaomi,Electronics,Mobile,29999
PROD000006,Moto G84 5G,Motorola,Electronics,Mobile,17999
PROD000007,Realme 12 Pro+,Realme,Electronics,Mobile,27999
PROD000008,iQOO Neo 9 Pro,iQOO,Electronics,Mobile,36999
PROD000009,Vivo V30 Pro,Vivo,Electronics,Mobile,39999
PROD000010,Nothing Phone (2),Nothing,Electronics,Mobile,44999
PROD000011,MacBook Air M2,Apple,Electronics,Laptop,114900
PROD000012,XPS 15 9530,Dell,Electronics,Laptop,189990
PROD000013,ThinkPad X1 Carbon Gen 11,Lenovo,Electronics,Laptop,154990
PROD000014,HP Spectre x360 14,HP,Electronics,Laptop,169990
PROD000015,Asus ROG Zephyrus G14,Asus,Electronics,Laptop,139990
PROD000016,Acer Swift Go 14,Acer,Electronics,Laptop,64990
PROD000017,MSI Raider GE78 HX,MSI,Electronics,Laptop,249990
PROD000018,Surface Laptop 5,Microsoft,Electronics,Laptop,129999
PROD000019,Gigabyte Aorus 15,Gigabyte,Electronics,Laptop,119990
PROD000020,Razer Blade 15,Razer,Electronics,Laptop,229990
PROD000021,EOS R6 Mark II,Canon,Electronics,Camera,239990
PROD000022,Alpha A7 IV,Sony,Electronics,Camera,229990
PROD000023,Z8 Mirrorless,Nikon,Electronics,Camera,349990
PROD000024,OM System OM-5,Olympus,Electronics,Camera,99990
PROD000025,Fujifilm X-T5,Fujifilm,Electronics,Camera,159990
PROD000026,GoPro Hero 12 Black,GoPro,Electronics,Camera,44990
PROD000027,Lumix GH6,Panasonic,Electronics,Camera,149990
PROD000028,Insta360 X3,Insta360,Electronics,Camera,44999
PROD000029,DJI Osmo Pocket 3,DJI,Electronics,Camera,54999
PROD000030,EOS 1500D DSLR,Canon,Electronics,Camera,34990
PROD000031,WH-1000XM5,Sony,Electronics,Headphones,29990
PROD000032,QuietComfort 45,Bose,Electronics,Headphones,24990
PROD000033,AirPods Pro 2nd Gen,Apple,Electronics,Headphones,24900
PROD000034,Galaxy Buds2 Pro,Samsung,Electronics,Headphones,12999
PROD000035,Momentum 4 Wireless,Sennheiser,Electronics,Headphones,26990
PROD000036,Tune 770NC,JBL,Electronics,Headphones,9999
PROD000037,Freebuds Pro 3,Huawei,Electronics,Headphones,14999
PROD000038,Soundcore Q45,Anker,Electronics,Headphones,4999
PROD000039,Beats Studio Pro,Beats,Electronics,Headphones,27990
PROD000040,Jabra Evolve2 55,Jabra,Electronics,Headphones,21999
PROD000041,Apple Watch Series 9,Apple,Electronics,Smartwatch,41900
PROD000042,Galaxy Watch 6 Classic,Samsung,Electronics,Smartwatch,36999
PROD000043,Pixel Watch 2,Google,Electronics,Smartwatch,34999
PROD000044,Fenix 7 Pro,Garmin,Electronics,Smartwatch,89999
PROD000045,Amazfit GTR 4,Amazfit,Electronics,Smartwatch,14999
PROD000046,Fitbit Sense 2,Fitbit,Electronics,Smartwatch,19999
PROD000047,Noise ColorFit Ultra 3,Noise,Electronics,Smartwatch,3999
PROD000048,boAt Enigma X600,boAt,Electronics,Smartwatch,4499
PROD000049,Fossil Gen 6,Fossil,Electronics,Smartwatch,22995
PROD000050,Fire-Boltt Phoenix Ultra,Fire-Boltt,Electronics,Smartwatch,4499
PROD000051,"OLED C3 65""",LG,Electronics,TV,189990
PROD000052,"QN90C Neo QLED 55""",Samsung,Electronics,TV,159990
PROD000053,"Bravia XR A80L 55""",Sony,Electronics,TV,149990
PROD000054,"P735 4K QLED 55""",TCL,Electronics,TV,54990
PROD000055,"Fire TV Omni QLED 65""",Amazon,Electronics,TV,89999
PROD000056,iFFALCON 55K72 4K,iFFALCON,Electronics,TV,39999
PROD000057,43 inch 4K Smart TV,Xiaomi,Electronics,TV,32999
PROD000058,VU 65 Masterpiece QLED,VU,Electronics,TV,89999
PROD000059,65 inch 4K OLED evo,Panasonic,Electronics,TV,179990
PROD000060,"Hisense U8K Mini-LED 65""",Hisense,Electronics,TV,119990
PROD000061,"iPad Pro M2 11""",Apple,Electronics,Tablets,89900
PROD000062,Galaxy Tab S9 Ultra,Samsung,Electronics,Tablets,108999
PROD000063,Pixel Tablet,Google,Electronics,Tablets,57999
PROD000064,Lenovo Tab P12 Pro,Lenovo,Electronics,Tablets,54990
PROD000065,Xiaomi Pad 6,Xiaomi,Electronics,Tablets,28999
PROD000066,Realme Pad 2,Realme,Electronics,Tablets,19999
PROD000067,Fire HD 10 Plus,Amazon,Electronics,Tablets,14999
PROD000068,OnePlus Pad Go,OnePlus,Electronics,Tablets,19999
PROD000069,Huawei MatePad Pro 11,Huawei,Electronics,Tablets,54999
PROD000070,Nokia T21 Tablet,Nokia,Electronics,Tablets,17999
PROD000071,Soundbar HW-Q990C,Samsung,Electronics,Speakers,79990
PROD000072,HomePod 2nd Gen,Apple,Electronics,Speakers,32900
PROD000073,Charge 5 Portable,JBL,Electronics,Speakers,14999
PROD000074,SoundLink Max,Bose,Electronics,Speakers,29900
PROD000075,Echo Studio,Amazon,Electronics,Speakers,21999
PROD000076,Wonderboom 3,Ultimate Ears,Electronics,Speakers,9999
PROD000077,Soundcore Motion X600,Anker,Electronics,Speakers,9999
PROD000078,Marshall Stanmore III,Marshall,Electronics,Speakers,34990
PROD000079,Harman Kardon Onyx Studio 8,Harman Kardon,Electronics,Speakers,24999
PROD000080,boAt Aavante Bar 2200D,boAt,Electronics,Speakers,7999
PROD000081,MX Master 3S Mouse,Logitech,Electronics,Computer Accessories,9995
PROD000082,Magic Keyboard,Apple,Electronics,Computer Accessories,10900
PROD000083,DeathAdder V3 Mouse,Razer,Electronics,Computer Accessories,8499
PROD000084,Keychron K2 Keyboard,Keychron,Electronics,Computer Accessories,7999
PROD000085,"27"" UltraSharp Monitor",Dell,Electronics,Computer Accessories,49990
PROD000086,HDMI 2.1 Cable 2m,Belkin,Electronics,Computer Accessories,1999
PROD000087,USB-C Hub 7-in-1,Anker,Electronics,Computer Accessories,3499
PROD000088,Arc Mouse Bluetooth,Microsoft,Electronics,Computer Accessories,3999
PROD000089,Thunderbolt 4 Dock,CalDigit,Electronics,Computer Accessories,19999
PROD000090,Webcam C920 HD Pro,Logitech,Electronics,Computer Accessories,7499
PROD000091,PlayStation 5 Disc Edition,Sony,Electronics,Gaming Consoles,54990
PROD000092,Xbox Series X,Microsoft,Electronics,Gaming Consoles,54990
PROD000093,Nintendo Switch OLED,Nintendo,Electronics,Gaming Consoles,32490
PROD000094,Xbox Series S,Microsoft,Electronics,Gaming Consoles,32990
PROD000095,PlayStation 5 Digital Edition,Sony,Electronics,Gaming Consoles,44990
PROD000096,Steam Deck OLED 512GB,Valve,Electronics,Gaming Consoles,69999
PROD000097,Nintendo Switch Lite,Nintendo,Electronics,Gaming Consoles,19490
PROD000098,Atari VCS 800,Atari,Electronics,Gaming Consoles,24999
PROD000099,Evercade EXP Handheld,Blaze Entertainment,Electronics,Gaming Consoles,8999
PROD000100,Analogue Pocket,Analogue,Electronics,Gaming Consoles,22999
PROD000101,Slim Fit Chinos,Levi's,Clothing,Men,2499
PROD000102,Classic Oxford Shirt,Allen Solly,Clothing,Men,1799
PROD000103,Regular Fit Jeans 511,Levi's,Clothing,Men,2999
PROD000104,Polo Collar T-Shirt,Lacoste,Clothing,Men,3990
PROD000105,Blazer Slim Fit,Raymond,Clothing,Men,8999
PROD000106,Formal Trousers,Van Heusen,Clothing,Men,1999
PROD000107,Graphic Tee Round Neck,H&M,Clothing,Men,799
PROD000108,Track Pants Dri-FIT,Nike,Clothing,Men,2495
PROD000109,Bomber Jacket,Jack & Jones,Clothing,Men,3999
PROD000110,Linen Kurta,Manyavar,Clothing,Men,2499
PROD000111,Floral Midi Dress,Zara,Clothing,Women,3990
PROD000112,High-Rise Skinny Jeans,Levi's,Clothing,Women,3499
PROD000113,Saree Silk Blend,Taneira,Clothing,Women,4999
PROD000114,Kurti Cotton Anarkali,Biba,Clothing,Women,1799
PROD000115,Leggings Active Wear,Puma,Clothing,Women,1799
PROD000116,Blazer Cropped Fit,AND,Clothing,Women,3499
PROD000117,Satin Wrap Top,Vero Moda,Clothing,Women,1599
PROD000118,Denim Jacket Oversize,H&M,Clothing,Women,2999
PROD000119,Palazzo Pants,W for Woman,Clothing,Women,1499
PROD000120,Crop Top Ribbed,Forever 21,Clothing,Women,999
PROD000121,Dungaree Denim Set,H&M,Clothing,Kids,1299
PROD000122,Cotton T-Shirt Pack of 3,Mothercare,Clothing,Kids,899
PROD000123,Jogger Set,Nike,Clothing,Kids,2495
PROD000124,Frock Floral Print,Hopscotch,Clothing,Kids,999
PROD000125,School Uniform Shirt,Numero Uno,Clothing,Kids,549
PROD000126,Ethnic Kurta Pajama Set,Manyavar Kids,Clothing,Kids,1299
PROD000127,Cartoon Printed Shorts,Gini & Jony,Clothing,Kids,699
PROD000128,Winter Jacket Padded,Mothercare,Clothing,Kids,1999
PROD000129,Swimming Costume,Speedo,Clothing,Kids,1299
PROD000130,Raincoat with Hood,Columbia,Clothing,Kids,1799
PROD000131,Air Max 270 Sneakers,Nike,Clothing,Footwear,12995
PROD000132,Stan Smith Sneakers,Adidas,Clothing,Footwear,8999
PROD000133,Chelsea Boots Leather,Clarks,Clothing,Footwear,9999
PROD000134,Floaters Outdoor,Woodland,Clothing,Footwear,3499
PROD000135,Ballet Flats,Bata,Clothing,Footwear,1499
PROD000136,Loafers Slip-On,Hush Puppies,Clothing,Footwear,3999
PROD000137,Kolhapuri Sandals,Metro,Clothing,Footwear,1799
PROD000138,High Heels Block,Steve Madden,Clothing,Footwear,4999
PROD000139,Formal Oxford Shoes,Lee Cooper,Clothing,Footwear,2999
PROD000140,Running Shoes Gel,ASICS,Clothing,Footwear,7999
PROD000141,Woollen Muffler,Peter England,Clothing,Accessories,599
PROD000142,Leather Belt,Tommy Hilfiger,Clothing,Accessories,2499
PROD000143,Silk Pocket Square Set,Raymond,Clothing,Accessories,699
PROD000144,Aviator Sunglasses,Ray-Ban,Clothing,Accessories,6990
PROD000145,Fedora Hat,Van Heusen,Clothing,Accessories,999
PROD000146,Knitted Beanie,H&M,Clothing,Accessories,599
PROD000147,Stole Georgette,Biba,Clothing,Accessories,799
PROD000148,Sports Socks Pack of 6,Adidas,Clothing,Accessories,999
PROD000149,Suspenders Elastic,Alvaro Castagnino,Clothing,Accessories,499
PROD000150,Bow Tie Set,BUBBER COUTURE,Clothing,Accessories,699
PROD000151,Sherwani Embroidered,Manyavar,Clothing,Ethnic Wear,14999
PROD000152,Banarasi Silk Saree,Taneira,Clothing,Ethnic Wear,7999
PROD000153,Anarkali Suit,Biba,Clothing,Ethnic Wear,3499
PROD000154,Dhoti Kurta Set,Fabindia,Clothing,Ethnic Wear,2999
PROD000155,Lehenga Choli,W for Woman,Clothing,Ethnic Wear,5999
PROD000156,Nehru Jacket Brocade,Manyavar,Clothing,Ethnic Wear,3499
PROD000157,Kashmiri Phiran,Fabindia,Clothing,Ethnic Wear,3999
PROD000158,Salwar Kameez Set,Global Desi,Clothing,Ethnic Wear,2499
PROD000159,Pathani Suit,Soch,Clothing,Ethnic Wear,1999
PROD000160,Chanderi Dupatta,Fabindia,Clothing,Ethnic Wear,1299
PROD000161,Down Puffer Jacket,Columbia,Clothing,Winter Wear,12999
PROD000162,Fleece Hoodie,The North Face,Clothing,Winter Wear,5999
PROD000163,Woollen Cardigan,Monte Carlo,Clothing,Winter Wear,1999
PROD000164,Thermal Inner Wear Set,Lux Inferno,Clothing,Winter Wear,799
PROD000165,Windbreaker Jacket,Wildcraft,Clothing,Winter Wear,3499
PROD000166,Turtleneck Sweater,H&M,Clothing,Winter Wear,1799
PROD000167,Sherpa Lined Jacket,Allen Solly,Clothing,Winter Wear,4999
PROD000168,Knitted Sweater,United Colors of Benetton,Clothing,Winter Wear,2499
PROD000169,Ski Pants Waterproof,Quechua,Clothing,Winter Wear,2999
PROD000170,Reversible Jacket,Jack & Jones,Clothing,Winter Wear,3999
PROD000171,Cotton Trunks Pack of 3,Jockey,Clothing,Innerwear,699
PROD000172,T-Shirt Bra,Triumph,Clothing,Innerwear,999
PROD000173,Boxer Brief Pack of 2,Calvin Klein,Clothing,Innerwear,1999
PROD000174,Sports Bra Medium Support,Nike,Clothing,Innerwear,2495
PROD000175,Thermal Vest,Lux Inferno,Clothing,Innerwear,449
PROD000176,Seamless Panty Pack of 3,Enamor,Clothing,Innerwear,799
PROD000177,V-Neck Vest Pack of 3,Rupa Frontline,Clothing,Innerwear,299
PROD000178,Padded Bra,Amante,Clothing,Innerwear,799
PROD000179,Cycling Shorts,Adidas,Clothing,Innerwear,1799
PROD000180,Camisole Pack of 2,Marks & Spencer,Clothing,Innerwear,999
PROD000181,Solid Wood Dining Table 6-Seater,Pepperfry,Home,Furniture,34999
PROD000182,3-Seater Fabric Sofa,IKEA,Home,Furniture,49999
PROD000183,Queen Size Bed with Storage,HomeTown,Home,Furniture,28999
PROD000184,Ergonomic Office Chair,Green Soul,Home,Furniture,18999
PROD000185,Bookshelf 5-Tier,Nilkamal,Home,Furniture,5999
PROD000186,Wardrobe Sliding 3-Door,Godrej Interio,Home,Furniture,45000
PROD000187,Coffee Table Glass Top,Urban Ladder,Home,Furniture,12999
PROD000188,Rocking Chair Wooden,Hometown,Home,Furniture,9999
PROD000189,TV Unit with Storage,IKEA,Home,Furniture,14999
PROD000190,Study Table with Drawer,Durian,Home,Furniture,9499
PROD000191,Macrame Wall Hanging,Nestasia,Home,Decor,1299
PROD000192,Ceramic Vase Set of 3,Westside Home,Home,Decor,1499
PROD000193,Canvas Wall Art Abstract,Art Street,Home,Decor,1799
PROD000194,Buddha Figurine Brass,Craftvatika,Home,Decor,999
PROD000195,Dream Catcher Boho,Namo Handicrafts,Home,Decor,599
PROD000196,Table Clock Vintage,Seiko,Home,Decor,2499
PROD000197,Scented Candle Set,Bombay Candle Company,Home,Decor,999
PROD000198,Throw Cushions Set of 5,House This,Home,Decor,2499
PROD000199,Bamboo Photo Frame Set,Inddus,Home,Decor,799
PROD000200,Geometric Terrarium,Nestasia,Home,Decor,1499
PROD000201,Front Load Washing Machine 7kg,LG,Home,Appliances,47990
PROD000202,Double Door Refrigerator 340L,Samsung,Home,Appliances,38990
PROD000203,Microwave Oven Convection 28L,IFB,Home,Appliances,12990
PROD000204,1.5 Ton 5-Star Split AC,Daikin,Home,Appliances,47990
PROD000205,Induction Cooktop 2000W,Philips,Home,Appliances,3499
PROD000206,Vacuum Cleaner Wet & Dry,Eureka Forbes,Home,Appliances,5999
PROD000207,Geyser Instant 3L,Bajaj,Home,Appliances,3499
PROD000208,Air Purifier with HEPA,Dyson,Home,Appliances,29990
PROD000209,Dishwasher 12-Place Setting,Bosch,Home,Appliances,42990
PROD000210,Water Purifier RO+UV,Kent,Home,Appliances,14999
PROD000211,Non-Stick Cookware Set 5-Piece,Prestige,Home,Kitchen,3499
PROD000212,Instant Pot Duo 6L,Instant Pot,Home,Kitchen,8999
PROD000213,Air Fryer 4.2L,Philips,Home,Kitchen,7499
PROD000214,Mixer Grinder 750W,Butterfly,Home,Kitchen,3499
PROD000215,Electric Kettle 1.7L,Pigeon,Home,Kitchen,999
PROD000216,Steel Tiffin Box Set,Milton,Home,Kitchen,699
PROD000217,Roti Maker Automatic,Prestige,Home,Kitchen,2499
PROD000218,OTG Oven 30L,Morphy Richards,Home,Kitchen,5999
PROD000219,Blender Juicer Mixer,Sujata,Home,Kitchen,4499
PROD000220,Pressure Cooker 5L Induction,Hawkins,Home,Kitchen,2199
PROD000221,Garden Hose Expandable 30M,Amkoy,Home,Garden,1499
PROD000222,Plant Pots Set of 5 Ceramic,Ugaoo,Home,Garden,1299
PROD000223,Gardening Tool Kit 8-Piece,Kraft Seeds,Home,Garden,999
PROD000224,Soil Testing Kit,Dr. Bacto,Home,Garden,799
PROD000225,Sprinkler Rotary 360°,Nelson,Home,Garden,899
PROD000226,Organic Compost Manure 5kg,Ugaoo,Home,Garden,499
PROD000227,Garden Gloves Thornproof,Bellingham,Home,Garden,699
PROD000228,Raised Bed Planter Box,Ugaoo,Home,Garden,2499
PROD000229,Bonsai Starter Kit,Plantogallery,Home,Garden,1499
PROD000230,Drip Irrigation Kit,Jain Irrigation,Home,Garden,1999
PROD000231,LED Bulb 9W Pack of 6,Syska,Home,Lighting,599
PROD000232,Chandelier 5-Light Ceiling,Crompton,Home,Lighting,3999
PROD000233,Smart Bulb RGB Wi-Fi,Philips Hue,Home,Lighting,2499
PROD000234,Table Lamp Wooden Base,Jainsons Emporio,Home,Lighting,1999
PROD000235,LED Strip Light 5M,Syska,Home,Lighting,899
PROD000236,Night Lamp Plug-In,Wipro,Home,Lighting,399
PROD000237,Flood Light 50W Outdoor,Havells,Home,Lighting,1499
PROD000238,Pendant Light Industrial,Jainsons Emporio,Home,Lighting,2999
PROD000239,Emergency Light Rechargeable,Eveready,Home,Lighting,699
PROD000240,Solar Garden Light Pack of 4,Urja Global,Home,Lighting,1299
PROD000241,King Size Comforter 200 GSM,D'Decor,Home,Beddings,4999
PROD000242,Cotton Bedsheet Double,Bombay Dyeing,Home,Beddings,1299
PROD000243,Memory Foam Pillow,Wakefit,Home,Beddings,1299
PROD000244,Waterproof Mattress Protector,Sleepyhead,Home,Beddings,999
PROD000245,Orthopaedic Mattress 6-Inch Queen,Springtek,Home,Beddings,14999
PROD000246,Weighted Blanket 9kg,Gravity,Home,Beddings,6999
PROD000247,Silk Pillowcase Set of 2,Bedsure,Home,Beddings,1299
PROD000248,Quilted Mattress Topper,Spaces,Home,Beddings,2999
PROD000249,Fitted Bedsheet Set 300TC,Raymond Home,Home,Beddings,2499
PROD000250,Bolster Pillow Set,Story@Home,Home,Beddings,799
PROD000251,Stackable Storage Boxes Set of 6,IKEA,Home,Home Storage,1499
PROD000252,Shoe Rack 4-Tier,Nilkamal,Home,Home Storage,2499
PROD000253,Under-Bed Storage Bags Pack of 3,Solimo,Home,Home Storage,699
PROD000254,Wardrobe Organizer Set,IKEA,Home,Home Storage,1299
PROD000255,Kitchen Cabinet Organizer,Nestasia,Home,Home Storage,999
PROD000256,Vacuum Storage Bags Pack of 6,Spacesave,Home,Home Storage,799
PROD000257,Steel Almirah 2-Door,Godrej,Home,Home Storage,9999
PROD000258,Hanging Organizer 30 Pockets,AmazonBasics,Home,Home Storage,599
PROD000259,Bathroom Cabinet with Mirror,Cello,Home,Home Storage,2999
PROD000260,Foldable Storage Ottoman,Stools & More,Home,Home Storage,1999
PROD000261,Moisturizing Cream SPF 50,Neutrogena,Beauty,Skincare,699
PROD000262,Vitamin C Serum 20%,The Ordinary,Beauty,Skincare,1490
PROD000263,Niacinamide 10% + Zinc 1%,The Ordinary,Beauty,Skincare,790
PROD000264,Hyaluronic Acid Cream,Minimalist,Beauty,Skincare,499
PROD000265,Sunscreen SPF 60 PA++++,Re'equil,Beauty,Skincare,545
PROD000266,Retinol Night Serum,Olay,Beauty,Skincare,1299
PROD000267,Kojic Acid Face Wash,Mamaearth,Beauty,Skincare,349
PROD000268,Clay Face Mask Kaolin,Innisfree,Beauty,Skincare,799
PROD000269,Cetaphil Moisturizing Lotion,Cetaphil,Beauty,Skincare,499
PROD000270,Acne Spot Treatment Gel,La Roche-Posay,Beauty,Skincare,1199
PROD000271,Foundation Stay Matte 24HR,Maybelline,Beauty,Makeup,699
PROD000272,Matte Lipstick Smudgeproof,M.A.C,Beauty,Makeup,1800
PROD000273,Kajal Intense Black,Lakme,Beauty,Makeup,199
PROD000274,Eyeshadow Palette 18 Colors,Huda Beauty,Beauty,Makeup,3999
PROD000275,Mascara Volume & Curl,L'Oreal,Beauty,Makeup,799
PROD000276,Contour Stick Duo,NYX,Beauty,Makeup,799
PROD000277,Setting Powder Translucent,Charlotte Tilbury,Beauty,Makeup,4500
PROD000278,Liquid Eyeliner Sketch Pen,Colorbar,Beauty,Makeup,399
PROD000279,BB Cream SPF 35,Garnier,Beauty,Makeup,279
PROD000280,Highlighter Champagne Pop,Becca,Beauty,Makeup,3499
PROD000281,Argan Oil Shampoo 400ml,OGX,Beauty,Haircare,699
PROD000282,Onion Hair Oil 200ml,WOW,Beauty,Haircare,449
PROD000283,Keratin Deep Conditioner,Tresemmé,Beauty,Haircare,349
PROD000284,Hair Serum Anti-Frizz,L'Oreal,Beauty,Haircare,399
PROD000285,Dry Shampoo Batiste,Batiste,Beauty,Haircare,499
PROD000286,Hair Mask Honey 200ml,Garnier,Beauty,Haircare,299
PROD000287,Biotin Hair Supplement,Wow Life Science,Beauty,Haircare,699
PROD000288,Coconut Hair Oil 500ml,Parachute,Beauty,Haircare,249
PROD000289,Leave-In Cream Curly Hair,Cantu,Beauty,Haircare,799
PROD000290,Anti-Dandruff Shampoo,Head & Shoulders,Beauty,Haircare,349
PROD000291,Sauvage EDT 100ml,Dior,Beauty,Fragrance,8500
PROD000292,Black Orchid EDP 100ml,Tom Ford,Beauty,Fragrance,22000
PROD000293,Chanel No.5 EDP 100ml,Chanel,Beauty,Fragrance,18000
PROD000294,Light Blue EDT 100ml,Dolce & Gabbana,Beauty,Fragrance,6999
PROD000295,Acqua di Gio EDT 100ml,Giorgio Armani,Beauty,Fragrance,8500
PROD000296,Oud Wood EDP 100ml,Tom Ford,Beauty,Fragrance,24000
PROD000297,1 Million EDT 100ml,Paco Rabanne,Beauty,Fragrance,7500
PROD000298,Flowerbomb EDP 50ml,Viktor & Rolf,Beauty,Fragrance,8500
PROD000299,English Pear & Freesia 100ml,Jo Malone,Beauty,Fragrance,14500
PROD000300,Bvlgari Man in Black EDP 100ml,Bvlgari,Beauty,Fragrance,9500
PROD000301,Electric Shaver Series 9000,Philips,Beauty,Personal Care,12999
PROD000302,Trimmer BT5515 Cordless,Braun,Beauty,Personal Care,3499
PROD000303,Deo Spray 72Hr,Dove,Beauty,Personal Care,249
PROD000304,Face Wash Neem,Himalaya,Beauty,Personal Care,99
PROD000305,Body Lotion Cocoa Butter,Vaseline,Beauty,Personal Care,299
PROD000306,Intimate Wash pH Balanced,Sirona,Beauty,Personal Care,299
PROD000307,Roll-On Deodorant,Nivea,Beauty,Personal Care,179
PROD000308,Foot Cream Cracked Heels,O'Keeffe's,Beauty,Personal Care,649
PROD000309,Talcum Powder 300g,Ponds,Beauty,Personal Care,179
PROD000310,Lip Balm SPF 30,Burt's Bees,Beauty,Personal Care,299
PROD000311,Body Wash Lavender 400ml,Fiama,Beauty,Bath & Body,299
PROD000312,Loofah Bath Sponge,Vega,Beauty,Bath & Body,149
PROD000313,Bubble Bath Foam,The Body Shop,Beauty,Bath & Body,1099
PROD000314,Salt Scrub Coffee Body,MCaffeine,Beauty,Bath & Body,599
PROD000315,Bath Salts Epsom 500g,Pristine Pure,Beauty,Bath & Body,299
PROD000316,Hand Wash Liquid 250ml,Savlon,Beauty,Bath & Body,99
PROD000317,Shower Gel Rose 200ml,Dove,Beauty,Bath & Body,199
PROD000318,Bathrobe Terry Cotton,Trident,Beauty,Bath & Body,1499
PROD000319,Bath Towel 600 GSM,Bombay Dyeing,Beauty,Bath & Body,899
PROD000320,Soap Bar Charcoal,WOW,Beauty,Bath & Body,249
PROD000321,Hair Dryer Ionic 2000W,Dyson Supersonic,Beauty,Grooming Tools,32900
PROD000322,Flat Iron Ceramic Plates,Vega,Beauty,Grooming Tools,1799
PROD000323,Curling Wand 32mm,Remington,Beauty,Grooming Tools,2499
PROD000324,Electric Epilator,Braun,Beauty,Grooming Tools,3499
PROD000325,Nose & Ear Trimmer,Philips,Beauty,Grooming Tools,999
PROD000326,Beard Grooming Kit 7-in-1,Mi,Beauty,Grooming Tools,1299
PROD000327,Facial Steamer Nano,NovaBella,Beauty,Grooming Tools,799
PROD000328,Straightening Comb Heated,Ikonic,Beauty,Grooming Tools,2199
PROD000329,Hot Air Brush Rotating,Remington,Beauty,Grooming Tools,3499
PROD000330,Eyebrow Trimmer Precision,Vega,Beauty,Grooming Tools,699
PROD000331,The Midnight Library,Matt Haig / Canongate,Books,Fiction,399
PROD000332,Atomic Habits,James Clear / Random House,Books,Fiction,499
PROD000333,It Ends with Us,Colleen Hoover / Simon & Schuster,Books,Fiction,349
PROD000334,The Alchemist,Paulo Coelho / HarperCollins,Books,Fiction,299
PROD000335,Harry Potter Box Set 7 Books,J.K. Rowling / Bloomsbury,Books,Fiction,4999
PROD000336,The Kite Runner,Khaled Hosseini / Bloomsbury,Books,Fiction,349
PROD000337,1984,George Orwell / Penguin,Books,Fiction,249
PROD000338,The Great Gatsby,F. Scott Fitzgerald / Penguin,Books,Fiction,199
PROD000339,A Little Life,Hanya Yanagihara / Picador,Books,Fiction,599
PROD000340,The God of Small Things,Arundhati Roy / Penguin,Books,Fiction,299
PROD000341,Sapiens,Yuval Noah Harari / Vintage,Books,Non-Fiction,499
PROD000342,Thinking Fast and Slow,Daniel Kahneman / Penguin,Books,Non-Fiction,499
PROD000343,The Subtle Art of Not Giving a F*ck,Mark Manson / HarperCollins,Books,Non-Fiction,399
PROD000344,Zero to One,Peter Thiel / Virgin Books,Books,Non-Fiction,499
PROD000345,Educated,Tara Westover / Windmill Books,Books,Non-Fiction,399
PROD000346,Freakonomics,Levitt & Dubner / Penguin,Books,Non-Fiction,349
PROD000347,Becoming,Michelle Obama / Crown,Books,Non-Fiction,599
PROD000348,Bad Science,Ben Goldacre / HarperCollins,Books,Non-Fiction,349
PROD000349,The Body: A Guide for Occupants,Bill Bryson / Doubleday,Books,Non-Fiction,499
PROD000350,Factfulness,Hans Rosling / Hodder,Books,Non-Fiction,499
PROD000351,NCERT Physics Class 12,NCERT,Books,Educational,299
PROD000352,HC Verma Concepts of Physics Vol 1,H.C. Verma / Bharati Bhawan,Books,Educational,449
PROD000353,RD Sharma Mathematics Class 10,R.D. Sharma / Dhanpat Rai,Books,Educational,399
PROD000354,Wren & Martin English Grammar,Wren & Martin / S.Chand,Books,Educational,349
PROD000355,NCERT Chemistry Class 11,NCERT,Books,Educational,249
PROD000356,OP Tandon Organic Chemistry,O.P. Tandon / GRB,Books,Educational,699
PROD000357,Objective Physics for NEET,Arihant Publications,Books,Educational,549
PROD000358,Class 6-10 Science Bundle,S.Chand,Books,Educational,1499
PROD000359,Std 12 Economics Guide,T.R. Jain / VK Publications,Books,Educational,299
PROD000360,Lucent General Knowledge 2024,Lucent Publications,Books,Educational,299
PROD000361,Watchmen,DC Comics / Alan Moore,Books,Comics,1299
PROD000362,Maus Complete Edition,Art Spiegelman / Penguin,Books,Comics,1799
PROD000363,Persepolis,Marjane Satrapi / Vintage,Books,Comics,699
PROD000364,The Sandman Vol 1,Neil Gaiman / DC Vertigo,Books,Comics,1199
PROD000365,Batman: The Long Halloween,Jeph Loeb / DC Comics,Books,Comics,1199
PROD000366,X-Men: Days of Future Past,Chris Claremont / Marvel,Books,Comics,999
PROD000367,Asterix at the Olympics,Goscinny & Uderzo / Orion,Books,Comics,499
PROD000368,Tintin in Tibet,Hergé / Egmont,Books,Comics,399
PROD000369,V for Vendetta,Alan Moore / Vertigo,Books,Comics,999
PROD000370,Naruto Vol 1,Masashi Kishimoto / VIZ Media,Books,Comics,499
PROD000371,Ikigai,Héctor García / Hutchinson,Books,Self-Help,299
PROD000372,The 7 Habits of Highly Effective People,Stephen Covey / Simon & Schuster,Books,Self-Help,499
PROD000373,Think and Grow Rich,Napoleon Hill / Fingerprint,Books,Self-Help,199
PROD000374,Rich Dad Poor Dad,Robert Kiyosaki / Plata,Books,Self-Help,299
PROD000375,Can't Hurt Me,David Goggins / Lioncrest,Books,Self-Help,699
PROD000376,The 4-Hour Workweek,Tim Ferriss / Vermilion,Books,Self-Help,449
PROD000377,Awaken the Giant Within,Tony Robbins / Simon & Schuster,Books,Self-Help,499
PROD000378,Start with Why,Simon Sinek / Portfolio,Books,Self-Help,399
PROD000379,Mindset: The New Psychology,Carol S. Dweck / Robinson,Books,Self-Help,399
PROD000380,Deep Work,Cal Newport / Piatkus,Books,Self-Help,449
PROD000381,Steve Jobs,Walter Isaacson / Simon & Schuster,Books,Biographies,699
PROD000382,Elon Musk,Walter Isaacson / Simon & Schuster,Books,Biographies,799
PROD000383,The Diary of a Young Girl,Anne Frank / Penguin,Books,Biographies,249
PROD000384,Long Walk to Freedom,Nelson Mandela / Abacus,Books,Biographies,549
PROD000385,Wings of Fire,A.P.J. Abdul Kalam / Orient Blackswan,Books,Biographies,249
PROD000386,My Experiments with Truth,M.K. Gandhi / Fingerprint,Books,Biographies,199
PROD000387,Open by Andre Agassi,Andre Agassi / HarperCollins,Books,Biographies,499
PROD000388,The Story of My Experiments,Mahatma Gandhi / Fingerprint,Books,Biographies,199
PROD000389,Alexander Hamilton,Ron Chernow / Head of Zeus,Books,Biographies,699
PROD000390,Einstein: His Life and Universe,Walter Isaacson / Simon & Schuster,Books,Biographies,699
PROD000391,JEE Advanced Previous Papers,Arihant Publications,Books,Entrance Prep,699
PROD000392,NEET 40 Years Solved Papers,MTG Editorial Board / MTG,Books,Entrance Prep,799
PROD000393,CAT Quantitative Aptitude,Arun Sharma / McGraw Hill,Books,Entrance Prep,699
PROD000394,UPSC Prelims General Studies,GS Score,Books,Entrance Prep,999
PROD000395,GATE Electronics & Communication,Made Easy Team,Books,Entrance Prep,799
PROD000396,SSC CGL Tier 1 & 2,Kiran Publications,Books,Entrance Prep,699
PROD000397,Verbal Ability for CAT,Nishit Sinha / Pearson,Books,Entrance Prep,499
PROD000398,NDA Mathematics Guide,R.S. Aggarwal / S.Chand,Books,Entrance Prep,549
PROD000399,CLAT Preparation Guide,Universal Law Publishing,Books,Entrance Prep,599
PROD000400,IBPS PO/MT CWE Guide,Disha Publications,Books,Entrance Prep,699
PROD000401,The Very Hungry Caterpillar,Eric Carle / Puffin,Books,Children Books,349
PROD000402,Goodnight Moon,Margaret Wise Brown / Pan Macmillan,Books,Children Books,399
PROD000403,Diary of a Wimpy Kid,Jeff Kinney / Puffin,Books,Children Books,449
PROD000404,The Magic Tree House Series,Mary Pope Osborne / Random House,Books,Children Books,299
PROD000405,Champak Magazine 1 Year,Delhi Press,Books,Children Books,1199
PROD000406,Geronimo Stilton Collection,Scholastic,Books,Children Books,1499
PROD000407,Panchatantra Stories,Wilco Publishing,Books,Children Books,199
PROD000408,Tinkle Digest,ACK Media,Books,Children Books,150
PROD000409,101 Dalmatians Illustrated,Disney Press,Books,Children Books,249
PROD000410,Captain Underpants Box Set,Dav Pilkey / Scholastic,Books,Children Books,1999
PROD000411,Yoga Mat Anti-Slip 6mm,Boldfit,Sports,Fitness,799
PROD000412,Adjustable Dumbbell Set 20kg,Kore,Sports,Fitness,2999
PROD000413,Resistance Bands Set of 5,Fit Simplify,Sports,Fitness,999
PROD000414,Pull-Up Bar Doorway,Aurion,Sports,Fitness,1299
PROD000415,Jump Rope Speed PVC,Aurion,Sports,Fitness,299
PROD000416,Ab Roller Wheel,Strauss,Sports,Fitness,599
PROD000417,Foam Roller Deep Tissue,Amazon Basics,Sports,Fitness,999
PROD000418,Weight Bench Adjustable,PowerBlock,Sports,Fitness,8999
PROD000419,Treadmill Motorized 3HP,PowerMax,Sports,Fitness,34999
PROD000420,Whey Protein 2kg Chocolate,Optimum Nutrition,Sports,Fitness,4999
PROD000421,Trekking Pole Aluminium Pair,Wildcraft,Sports,Outdoor,1499
PROD000422,Camping Tent 4-Person,Quechua,Sports,Outdoor,7999
PROD000423,Sleeping Bag -5°C Rating,Coleman,Sports,Outdoor,3499
PROD000424,Carabiner Locking D-Ring,Black Diamond,Sports,Outdoor,999
PROD000425,Trail Running Shoes,Salomon,Sports,Outdoor,12999
PROD000426,Hydration Pack 15L,CamelBak,Sports,Outdoor,4999
PROD000427,Headlamp 300 Lumens,Black Diamond,Sports,Outdoor,2499
PROD000428,Rock Climbing Harness,Petzl,Sports,Outdoor,4999
PROD000429,Outdoor Sunglasses Polarized,Oakley,Sports,Outdoor,9999
PROD000430,Trekking Backpack 55L,Wildcraft,Sports,Outdoor,3999
PROD000431,Table Tennis Table Foldable,Stag,Sports,Indoor,14999
PROD000432,Badminton Racket Nanoray 10F,Yonex,Sports,Indoor,1999
PROD000433,"Chess Set Wooden 14""",WE Games,Sports,Indoor,1299
PROD000434,Carrom Board 74cm,Synco,Sports,Indoor,1999
PROD000435,Dart Board Electronic,Unicorn,Sports,Indoor,3999
PROD000436,Snooker Cue Billiard Set,BCE,Sports,Indoor,4999
PROD000437,Foosball Table Mini,Stiga,Sports,Indoor,9999
PROD000438,Skipping Rope Digital Counter,Nivia,Sports,Indoor,499
PROD000439,Squash Racket Titanium,Head,Sports,Indoor,3999
PROD000440,Table Tennis Bat Butterfly,Butterfly,Sports,Indoor,2499
PROD000441,Dri-FIT Running Shorts,Nike,Sports,Athletic Wear,2495
PROD000442,Climalite Training Top,Adidas,Sports,Athletic Wear,2499
PROD000443,Compression Tights,Puma,Sports,Athletic Wear,1999
PROD000444,Sports Bra Max Support,Under Armour,Sports,Athletic Wear,2999
PROD000445,Football Socks Anti-Blister,Decathlon,Sports,Athletic Wear,499
PROD000446,Cricket White Trousers,Slazenger,Sports,Athletic Wear,1299
PROD000447,Gym Gloves Weight Training,RDX,Sports,Athletic Wear,799
PROD000448,Running Jacket Windproof,Nike,Sports,Athletic Wear,3995
PROD000449,Sweatband Wrist Pack of 2,Head,Sports,Athletic Wear,399
PROD000450,Sleeveless Dry-Fit Vest,Reebok,Sports,Athletic Wear,1499
PROD000451,Cricket Bat English Willow,SG,Sports,Sports Equipment,7999
PROD000452,Football Size 5 Match,Nivia,Sports,Sports Equipment,1499
PROD000453,Basketball Indoor/Outdoor,Spalding,Sports,Sports Equipment,2999
PROD000454,Tennis Racket Pro Staff,Wilson,Sports,Sports Equipment,8999
PROD000455,Hockey Stick Carbon Fibre,Grays,Sports,Sports Equipment,3999
PROD000456,Badminton Shuttlecock Pack of 6,Yonex,Sports,Sports Equipment,699
PROD000457,Volleyball Beach Pro,Mikasa,Sports,Sports Equipment,1999
PROD000458,Rugby Ball Official Size,Gilbert,Sports,Sports Equipment,1999
PROD000459,Golf Club Iron Set 9-Piece,Callaway,Sports,Sports Equipment,49999
PROD000460,Boxing Gloves 12oz,Everlast,Sports,Sports Equipment,2499
PROD000461,"Mountain Bike 21-Speed 27.5""",Hero Sprint,Sports,Cycling,14999
PROD000462,Road Bike Alloy Frame,Firefox,Sports,Cycling,24999
PROD000463,Cycling Helmet MIPS,Giro,Sports,Cycling,5999
PROD000464,Cycling Gloves Half Finger,Decathlon,Sports,Cycling,799
PROD000465,Cycle Lock D-Type,Kryptonite,Sports,Cycling,1999
PROD000466,Cycle Speedometer Wireless,Cateye,Sports,Cycling,1499
PROD000467,Cycle Tyre 26x2.1,Schwalbe,Sports,Cycling,1299
PROD000468,Saddle Bag Under-Seat,Topeak,Sports,Cycling,999
PROD000469,Cycling Jersey Short Sleeve,Proviz,Sports,Cycling,2499
PROD000470,Bike Pump Floor Gauge,Decathlon,Sports,Cycling,1499
PROD000471,Swimwear Jammers Adult,Speedo,Sports,Swimming,1799
PROD000472,Goggles Anti-Fog Mirrored,Arena,Sports,Swimming,999
PROD000473,Swim Cap Silicone,Speedo,Sports,Swimming,399
PROD000474,Kickboard Training Aid,Finis,Sports,Swimming,999
PROD000475,Pull Buoy Float,Arena,Sports,Swimming,699
PROD000476,Water Polo Ball Size 5,Mikasa,Sports,Swimming,1999
PROD000477,Fins Short Blade Training,TYR,Sports,Swimming,2499
PROD000478,Wet Bag Waterproof 20L,Speedo,Sports,Swimming,1499
PROD000479,Ear Plugs Silicone Swim,Zoggs,Sports,Swimming,299
PROD000480,Hand Paddles Swim Training,Finis,Sports,Swimming,1299
PROD000481,Activity Play Gym Mat,Fisher-Price,Toys,Infant,2499
PROD000482,Soft Rattle Set Pack of 5,Nuby,Toys,Infant,799
PROD000483,Baby Musical Mobile,Tiny Love,Toys,Infant,3499
PROD000484,Teether Ring Silicone,Sophie La Girafe,Toys,Infant,999
PROD000485,Baby Bouncer Electric,Chicco,Toys,Infant,9999
PROD000486,Light & Sound Piano,Fisher-Price,Toys,Infant,1499
PROD000487,Stacking Rings Wooden,Hape,Toys,Infant,799
PROD000488,Shape Sorter Cube,Melissa & Doug,Toys,Infant,1299
PROD000489,Baby Swing Indoor,Graco,Toys,Infant,7999
PROD000490,Crib Mobile Projector,VTech,Toys,Infant,2499
PROD000491,LEGO Classic Creative Set 484 pcs,LEGO,Toys,Educational,4999
PROD000492,Magnetic Drawing Board,Boogie Board,Toys,Educational,999
PROD000493,Wooden Alphabet Puzzle,Melissa & Doug,Toys,Educational,799
PROD000494,Science Experiment Kit 50-in-1,Thames & Kosmos,Toys,Educational,2999
PROD000495,Tangram Puzzle Wooden,Hape,Toys,Educational,699
PROD000496,World Map Floor Puzzle 100 pcs,Frank Puzzles,Toys,Educational,599
PROD000497,Abacus Counting Beads,Skillofun,Toys,Educational,499
PROD000498,Junior Coding Kit,Kano,Toys,Educational,4999
PROD000499,Solar System Model Kit,Edu Science,Toys,Educational,1499
PROD000500,Microscope Kit 300x,National Geographic,Toys,Educational,2999
PROD000501,Iron Man Mark 85 Figure 30cm,Hot Toys,Toys,Action Figures,14999
PROD000502,Spider-Man Articulated 15cm,Hasbro,Toys,Action Figures,1499
PROD000503,GI Joe Snake Eyes Deluxe,Hasbro,Toys,Action Figures,1999
PROD000504,Batman Arkham Knight Figure,DC Collectibles,Toys,Action Figures,3999
PROD000505,Star Wars The Mandalorian,Hasbro,Toys,Action Figures,1799
PROD000506,Transformers Optimus Prime,Hasbro,Toys,Action Figures,5999
PROD000507,WWE John Cena Elite Figure,Mattel,Toys,Action Figures,1999
PROD000508,"He-Man Masterverse 7""",Mattel,Toys,Action Figures,1499
PROD000509,Power Rangers 5-Pack,Hasbro,Toys,Action Figures,2499
PROD000510,Avengers Endgame 10-Piece Set,Marvel Legends,Toys,Action Figures,7999
PROD000511,Ravensburger 500pc City Skyline,Ravensburger,Toys,Puzzles,1499
PROD000512,Rubik's Cube 3x3 Classic,Rubik's,Toys,Puzzles,699
PROD000513,Wooden 3D Puzzle Eiffel Tower,Cubicfun,Toys,Puzzles,1299
PROD000514,1000pc Panorama Puzzle,Buffalo Games,Toys,Puzzles,1999
PROD000515,Brain Teaser Metal Puzzle Set,Hanayama,Toys,Puzzles,1499
PROD000516,Mosaic Tile Puzzle Art,Frank Puzzles,Toys,Puzzles,799
PROD000517,Floor Puzzle 36pcs Animals,Melissa & Doug,Toys,Puzzles,799
PROD000518,Jigsaw Globe 540pc,Ravensburger,Toys,Puzzles,1999
PROD000519,Pyramid Puzzle 3D,Eureka 3D,Toys,Puzzles,999
PROD000520,Rush Hour Traffic Jam,ThinkFun,Toys,Puzzles,1999
PROD000521,Catan Settlers of Catan,Catan Studio,Toys,Board Games,3999
PROD000522,Monopoly Classic Edition,Hasbro Gaming,Toys,Board Games,1499
PROD000523,Scrabble Classic,Mattel,Toys,Board Games,1499
PROD000524,Ticket to Ride India,Days of Wonder,Toys,Board Games,3999
PROD000525,Codenames Party Game,Czech Games Edition,Toys,Board Games,1999
PROD000526,Pictionary Air,Mattel Games,Toys,Board Games,2499
PROD000527,Risk Global Domination,Hasbro,Toys,Board Games,2499
PROD000528,Jenga Giant Edition,Hasbro,Toys,Board Games,999
PROD000529,Ludo Classic Deluxe,Frank Puzzles,Toys,Board Games,699
PROD000530,Pandemic Board Game,Z-Man Games,Toys,Board Games,2999
PROD000531,Teddy Bear 90cm,Hamleys,Toys,Soft Toys,2999
PROD000532,Minnie Mouse Plush 45cm,Disney,Toys,Soft Toys,1299
PROD000533,Stuffed Elephant Grey,Jellycat,Toys,Soft Toys,2499
PROD000534,Pikachu Plush 30cm,Pokémon Center,Toys,Soft Toys,1499
PROD000535,Giraffe Soft Toy 60cm,Melissa & Doug,Toys,Soft Toys,1999
PROD000536,Squishmallow Axolotl 40cm,Squishmallows,Toys,Soft Toys,1499
PROD000537,Stitch Plush Disney,Disney,Toys,Soft Toys,999
PROD000538,Baby Doll Crying Soft,Zapf Creation,Toys,Soft Toys,2499
PROD000539,Penguin Plush Musical,Fisher-Price,Toys,Soft Toys,999
PROD000540,Unicorn Plush Reversible,Aurora World,Toys,Soft Toys,1299
PROD000541,RC Car Off-Road 1:10 Scale,Redcat Racing,Toys,Remote Control Toys,7999
PROD000542,DJI Mini 3 Drone,DJI,Toys,Remote Control Toys,41999
PROD000543,RC Helicopter 3.5 Channel,WL Toys,Toys,Remote Control Toys,2499
PROD000544,RC Boat Speed Boat,Altair Aerial,Toys,Remote Control Toys,4999
PROD000545,RC Tank Military Realistic,Heng Long,Toys,Remote Control Toys,5999
PROD000546,RC Stunt Car 360 Flip,Hosim,Toys,Remote Control Toys,3499
PROD000547,Mini Drone with Camera,Syma,Toys,Remote Control Toys,2999
PROD000548,RC Excavator Construction,DOUBLE E,Toys,Remote Control Toys,4499
PROD000549,Gesture Controlled Robot,Mekamon,Toys,Remote Control Toys,6999
PROD000550,RC Train Set with Tracks,LEGO Technic,Toys,Remote Control Toys,12999
PROD000551,Seat Cover Leatherette Set,Autofurnish,Automotive,Car Accessories,2999
PROD000552,Dash Cam 4K WiFi,70mai,Automotive,Car Accessories,6999
PROD000553,Car Vacuum Cleaner Wet & Dry,Eureka Forbes,Automotive,Car Accessories,1999
PROD000554,Windshield Sun Shade,Solbouncer,Automotive,Car Accessories,799
PROD000555,Car Air Freshener Vent Clip,Little Trees,Automotive,Car Accessories,299
PROD000556,Phone Mount Magnetic Vent,Belkin,Automotive,Car Accessories,1499
PROD000557,Steering Wheel Cover Leather,Zone Tech,Automotive,Car Accessories,499
PROD000558,Tyre Inflator Portable 150PSI,Qubo,Automotive,Car Accessories,2999
PROD000559,Car Cover Waterproof Silver,Covercraft,Automotive,Car Accessories,2499
PROD000560,Reverse Parking Sensor 4-Way,Bosch,Automotive,Car Accessories,1999
PROD000561,Saddle Bag Pair Waterproof,Rynox,Automotive,Motorbike Accessories,2999
PROD000562,Handlebar End Mirrors,Puig,Automotive,Motorbike Accessories,1999
PROD000563,Biking Gloves Riding,Royal Enfield,Automotive,Motorbike Accessories,1499
PROD000564,Leg Guard Stainless Steel,Libra,Automotive,Motorbike Accessories,1799
PROD000565,USB Phone Charger for Bike,Oxford,Automotive,Motorbike Accessories,999
PROD000566,Bike Cover Waterproof,Scratchtect,Automotive,Motorbike Accessories,699
PROD000567,Tail Bag Expandable,Rynox,Automotive,Motorbike Accessories,3499
PROD000568,Crash Guard Tubular,Saiga,Automotive,Motorbike Accessories,2999
PROD000569,Tank Bag Magnetic 15L,GIVI,Automotive,Motorbike Accessories,4999
PROD000570,Windshield Flyscreen Dark,Puig,Automotive,Motorbike Accessories,3499
PROD000571,OBD2 Diagnostic Scanner,Autel,Automotive,Tools,4999
PROD000572,Hydraulic Floor Jack 2 Ton,Omega,Automotive,Tools,3999
PROD000573,Socket Wrench Set 46pcs,Stanley,Automotive,Tools,2999
PROD000574,Jump Starter 1500A,NOCO Boost Plus,Automotive,Tools,8999
PROD000575,"Torque Wrench 1/2"" Drive",Bahco,Automotive,Tools,3499
PROD000576,Funnel Set with Filter,Lisle,Automotive,Tools,599
PROD000577,Oil Filter Wrench,Gedore,Automotive,Tools,799
PROD000578,Multimeter Digital Auto,Fluke,Automotive,Tools,4999
PROD000579,Air Compressor Portable 150PSI,Michelin,Automotive,Tools,7999
PROD000580,Car Battery Charger 10A,NOCO Genius,Automotive,Tools,5999
PROD000581,Double DIN Android Head Unit,Pioneer,Automotive,Car Electronics,14999
PROD000582,Reverse Camera HD,Garmin,Automotive,Car Electronics,3999
PROD000583,"GPS Navigator 5""",Garmin DriveSmart,Automotive,Car Electronics,9999
PROD000584,Car Bluetooth FM Transmitter,Mpow,Automotive,Car Electronics,999
PROD000585,HID Xenon Conversion Kit,Philips,Automotive,Car Electronics,3999
PROD000586,LED Interior Light Strip,Govee,Automotive,Car Electronics,1299
PROD000587,360° Dash Cam 4 Lens,Viofo,Automotive,Car Electronics,12999
PROD000588,"Subwoofer 10"" 1000W",JBL,Automotive,Car Electronics,7999
PROD000589,CarPlay Wireless Adapter,Carlinkit,Automotive,Car Electronics,3999
PROD000590,OBD2 Heads Up Display,ATOTO,Automotive,Car Electronics,2499
PROD000591,Aeroblade 5 Full Face,AGV,Automotive,Helmets,29999
PROD000592,RF-1400 Full Face,Shoei,Automotive,Helmets,49999
PROD000593,Airflite Full Face,Icon,Automotive,Helmets,19999
PROD000594,Vega Edge Full Face,Vega,Automotive,Helmets,3999
PROD000595,Studds Ninja Elite Full Face,Studds,Automotive,Helmets,1999
PROD000596,Steelbird SBA-2 Open Face,Steelbird,Automotive,Helmets,1799
PROD000597,Royal Enfield Street Prime,Royal Enfield,Automotive,Helmets,4999
PROD000598,MT Thunder3 Pro Full Face,MT Helmets,Automotive,Helmets,9999
PROD000599,Axor Apex Full Face,Axor,Automotive,Helmets,7999
PROD000600,LS2 FF320 Stream Full Face,LS2,Automotive,Helmets,7499
PROD000601,Darjeeling Tea 250g,Twinings,Groceries,Beverages,399
PROD000602,Bru Gold Coffee 200g,Bru,Groceries,Beverages,329
PROD000603,Minute Maid Pulpy Orange 1L,Minute Maid,Groceries,Beverages,99
PROD000604,Real Mixed Fruit Juice 1L,Real,Groceries,Beverages,89
PROD000605,Tropicana Pomegranate 1L,Tropicana,Groceries,Beverages,149
PROD000606,Red Bull Energy Drink 250ml Pack of 4,Red Bull,Groceries,Beverages,399
PROD000607,Horlicks Classic Malt 500g,Horlicks,Groceries,Beverages,249
PROD000608,Nescafe Classic Tin 200g,Nescafe,Groceries,Beverages,649
PROD000609,Kokum Sharbat 750ml,Mala's,Groceries,Beverages,199
PROD000610,Boost Health Drink 500g,Boost,Groceries,Beverages,329
PROD000611,Lay's Classic Salted 200g,Lay's,Groceries,Snacks,99
PROD000612,Bingo Mad Angles Achaari Masti,ITC Bingo,Groceries,Snacks,30
PROD000613,Britannia NutriChoice Oatmeal Cookies,Britannia,Groceries,Snacks,50
PROD000614,Haldiram Bhujia Sev 400g,Haldiram's,Groceries,Snacks,199
PROD000615,Kurkure Masala Munch 100g,Kurkure,Groceries,Snacks,20
PROD000616,Parle-G Glucose Biscuits 800g,Parle,Groceries,Snacks,60
PROD000617,Oreo Chocolate Cream 300g,Oreo / Cadbury,Groceries,Snacks,99
PROD000618,Cornitos Nachos Cheddar 150g,Cornitos,Groceries,Snacks,80
PROD000619,Cadbury Dairy Milk 160g,Cadbury,Groceries,Snacks,99
PROD000620,Yoga Bar Oats & Berries Bar,Yoga Bar,Groceries,Snacks,40
PROD000621,Organic Tomatoes 1kg,24 Mantra Organic,Groceries,Vegetables,99
PROD000622,Baby Spinach 200g,Fresho,Groceries,Vegetables,59
PROD000623,Sweet Corn Cob Pack of 4,Fresho,Groceries,Vegetables,79
PROD000624,Broccoli 500g,Fresho,Groceries,Vegetables,89
PROD000625,Cherry Tomatoes 250g,Nature's Basket,Groceries,Vegetables,79
PROD000626,Capsicum Mixed 3 Colors,Fresho,Groceries,Vegetables,69
PROD000627,Ginger 200g,24 Mantra Organic,Groceries,Vegetables,29
PROD000628,Mushroom Button 200g,Fresho,Groceries,Vegetables,59
PROD000629,Beetroot 1kg,Fresho,Groceries,Vegetables,49
PROD000630,Zucchini Green 500g,Nature's Basket,Groceries,Vegetables,79
PROD000631,Alphonso Mango 1 Dozen,Ratnagiri Farms,Groceries,Fruits,799
PROD000632,Imported Kiwi Pack of 6,Zespri,Groceries,Fruits,199
PROD000633,Strawberries 200g,Fresho,Groceries,Fruits,149
PROD000634,Seedless Green Grapes 500g,Fresho,Groceries,Fruits,99
PROD000635,Dragon Fruit 1 Piece,Nature's Basket,Groceries,Fruits,199
PROD000636,Pomegranate 2 Pcs,Fresho,Groceries,Fruits,149
PROD000637,Pineapple 1 Kg,Fresho,Groceries,Fruits,89
PROD000638,Avocado 2 Pcs,Nature's Basket,Groceries,Fruits,249
PROD000639,Blueberries 125g,Fresho,Groceries,Fruits,299
PROD000640,Watermelon Whole,Fresho,Groceries,Fruits,199
PROD000641,Full Cream Milk 1L,Amul,Groceries,Dairy,68
PROD000642,Greek Yogurt Strawberry 400g,Epigamia,Groceries,Dairy,129
PROD000643,Paneer Fresh 200g,Mother Dairy,Groceries,Dairy,99
PROD000644,Cheddar Cheese Slice 200g,Amul,Groceries,Dairy,149
PROD000645,Butter Salted 500g,Amul,Groceries,Dairy,265
PROD000646,Ghee Pure 1kg,Patanjali,Groceries,Dairy,549
PROD000647,Condensed Milk 400g,Milkmaid,Groceries,Dairy,89
PROD000648,Whipped Cream 250ml,Amul,Groceries,Dairy,75
PROD000649,Mozzarella Cheese 200g,Go Cheese,Groceries,Dairy,179
PROD000650,Sour Cream 200ml,Dlecta,Groceries,Dairy,99
PROD000651,Multigrain Bread Loaf 400g,Britannia,Groceries,Bakery,55
PROD000652,Croissant Butter 4-Pack,Theobroma,Groceries,Bakery,299
PROD000653,Chocolate Truffle Cake 500g,The Belgian Waffle Co.,Groceries,Bakery,699
PROD000654,Sourdough Loaf 450g,The Baker's Dozen,Groceries,Bakery,249
PROD000655,Donuts Glazed 6-Pack,Mad Over Donuts,Groceries,Bakery,399
PROD000656,Pita Bread 6 Pieces,Modern Bread,Groceries,Bakery,59
PROD000657,Banana Walnut Muffin Pack of 4,Dunzo Bakery,Groceries,Bakery,199
PROD000658,Pavlova Meringue 6-inch,Flurys,Groceries,Bakery,799
PROD000659,Whole Wheat Rusk 300g,Britannia,Groceries,Bakery,75
PROD000660,Biscotti Almond 150g,L'Opera,Groceries,Bakery,299
PROD000661,Basmati Rice Premium 5kg,India Gate,Groceries,Staples,699
PROD000662,Atta Whole Wheat 10kg,Aashirvaad,Groceries,Staples,449
PROD000663,Toor Dal 1kg,Patanjali,Groceries,Staples,149
PROD000664,Refined Sunflower Oil 5L,Fortune,Groceries,Staples,799
PROD000665,Mustard Seeds 250g,MDH,Groceries,Staples,49
PROD000666,Table Salt Iodized 1kg,Tata Salt,Groceries,Staples,30
PROD000667,Semolina Rava 1kg,MTR Foods,Groceries,Staples,69
PROD000668,Moong Dal 1kg,24 Mantra,Groceries,Staples,159
PROD000669,Sugar Refined 5kg,Dhampur Green,Groceries,Staples,249
PROD000670,Chana Dal 1kg,Vedaka,Groceries,Staples,109
PROD000671,Mixed Vegetables 500g,McCain,Groceries,Frozen Food,129
PROD000672,Chicken Nuggets 400g,Venky's,Groceries,Frozen Food,299
PROD000673,Fish Fingers 300g,Godrej Yummiez,Groceries,Frozen Food,249
PROD000674,Frozen Pizza Margherita 300g,Dr. Oetker,Groceries,Frozen Food,349
PROD000675,Edamame 400g,Veeba,Groceries,Frozen Food,199
PROD000676,French Fries Crinkle Cut 500g,McCain,Groceries,Frozen Food,149
PROD000677,Frozen Paratha 5 Pieces,Kawan,Groceries,Frozen Food,149
PROD000678,Peas Green Frozen 500g,ITC,Groceries,Frozen Food,99
PROD000679,Momos Frozen Veg 15 Pieces,Wow Momo,Groceries,Frozen Food,199
PROD000680,Ice Cream Mango Kulfi 6 Sticks,Amul,Groceries,Frozen Food,129
PROD000681,Whey Protein Isolate 1kg,Optimum Nutrition,Health,Supplements,3499
PROD000682,Multivitamin Men 60 Tablets,One A Day,Health,Supplements,999
PROD000683,Vitamin D3 2000IU 90 Caps,Now Foods,Health,Supplements,799
PROD000684,Omega 3 Fish Oil 1000mg,Nature Made,Health,Supplements,999
PROD000685,Biotin 10000mcg 60 Tablets,Himalayan Organics,Health,Supplements,699
PROD000686,Ashwagandha KSM-66 60 Caps,Himalaya,Health,Supplements,549
PROD000687,Magnesium Glycinate 400mg,Thorne,Health,Supplements,1799
PROD000688,Probiotic 50 Billion CFU,Align,Health,Supplements,1499
PROD000689,Iron Supplement with Folic Acid,Dexorange,Health,Supplements,299
PROD000690,Collagen Powder 250g,Swisse,Health,Supplements,1999
PROD000691,Digital BP Monitor Upper Arm,Omron,Health,Medical Equipment,2999
PROD000692,Pulse Oximeter Fingertip,Choicemmed,Health,Medical Equipment,999
PROD000693,Digital Thermometer,Dr. Morepen,Health,Medical Equipment,299
PROD000694,Nebulizer Compressor,Omron,Health,Medical Equipment,3499
PROD000695,Glucometer Kit,Accu-Chek,Health,Medical Equipment,1499
PROD000696,Stethoscope Cardiology III,3M Littmann,Health,Medical Equipment,12999
PROD000697,Peak Flow Meter Asthma,Microlife,Health,Medical Equipment,799
PROD000698,Hearing Aid Digital ITE,Phonak,Health,Medical Equipment,29999
PROD000699,TENS Therapy Unit 2-Channel,Dr. Trust,Health,Medical Equipment,2999
PROD000700,Knee Support Neoprene,Dr. Ortho,Health,Medical Equipment,699
PROD000701,Aromatherapy Diffuser 300ml,Urpower,Health,Wellness Products,1299
PROD000702,Hot Water Bag 2L,Fastrack,Health,Wellness Products,299
PROD000703,Ice Pack Reusable Gel,Cool Relief,Health,Wellness Products,399
PROD000704,Cervical Pillow Memory Foam,Wakefit,Health,Wellness Products,1299
PROD000705,Posture Corrector Brace,Back Hero,Health,Wellness Products,999
PROD000706,Massage Gun Deep Tissue,Theragun Mini,Health,Wellness Products,11999
PROD000707,Eye Massager Electric,RENPHO,Health,Wellness Products,3499
PROD000708,Acupressure Mat & Pillow Set,Shakti Mat,Health,Wellness Products,1999
PROD000709,Foot Massager Electric,Lifelong,Health,Wellness Products,1999
PROD000710,Compression Socks 3-Pair,CEP,Health,Wellness Products,1999
PROD000711,Triphala Churna 500g,Dabur,Health,Ayurveda,199
PROD000712,Chyawanprash 1kg,Dabur,Health,Ayurveda,349
PROD000713,Ashwagandha Churna 500g,Patanjali,Health,Ayurveda,149
PROD000714,Arjuna Capsules 60,Himalaya,Health,Ayurveda,199
PROD000715,Brahmi Ghrita,Kottakkal,Health,Ayurveda,699
PROD000716,Triphala Tablets 120,Himalaya,Health,Ayurveda,199
PROD000717,Sesame Tail Oil 500ml,Forest Essentials,Health,Ayurveda,1299
PROD000718,Giloy Juice 1L,Baidyanath,Health,Ayurveda,249
PROD000719,Neem Capsules 60,Organic India,Health,Ayurveda,349
PROD000720,Ayurvedic Cough Syrup,Zandu,Health,Ayurveda,129
PROD000721,Oral-B Electric Toothbrush,Oral-B,Health,Personal Hygiene,2499
PROD000722,Tongue Cleaner Copper,Tongue Clean,Health,Personal Hygiene,199
PROD000723,Water Flosser Cordless,Waterpik,Health,Personal Hygiene,3999
PROD000724,Bamboo Toothbrush Pack of 4,Bamboo India,Health,Personal Hygiene,299
PROD000725,Charcoal Toothpaste 100g,Himalaya,Health,Personal Hygiene,149
PROD000726,Menstrual Cup Medium,Sirona,Health,Personal Hygiene,599
PROD000727,Ear Wax Removal Kit,Clinere,Health,Personal Hygiene,499
PROD000728,Pore Cleaner Electric,Blackhead Remover,Health,Personal Hygiene,1299
PROD000729,Dry Shampoo Foam 150ml,Batiste,Health,Personal Hygiene,499
PROD000730,Sensodyne Toothpaste 100g,Sensodyne,Health,Personal Hygiene,199
PROD000731,Premium Care Pants Size L 48pcs,Pampers,Baby,Diapers,1199
PROD000732,Active Baby Tape Diapers XL 50pcs,Huggies,Baby,Diapers,1049
PROD000733,Taped Diaper Newborn 20pcs,MamyPoko,Baby,Diapers,399
PROD000734,Soft & Dry Pants XL 36pcs,Himalaya,Baby,Diapers,699
PROD000735,Organic Cotton Diapers M 20pcs,Parasol Co.,Baby,Diapers,1499
PROD000736,Reusable Cloth Diaper Set,BabyGoal,Baby,Diapers,1299
PROD000737,Overnight Pull-Up Diaper L 22pcs,Libero,Baby,Diapers,849
PROD000738,Newborn Tape Diapers 40pcs,Pigeon,Baby,Diapers,499
PROD000739,Sensitive Skin Diaper Pants L 40pcs,Pampers Pure,Baby,Diapers,1299
PROD000740,Bio-degradable Diapers M 24pcs,Eco by Naty,Baby,Diapers,999
PROD000741,Cerelac Wheat 300g Stage 1,Nestlé Cerelac,Baby,Baby Food,249
PROD000742,Organic Oats Porridge 200g,Slurp Farm,Baby,Baby Food,349
PROD000743,Gerber Rice Cereal 227g,Gerber,Baby,Baby Food,499
PROD000744,Apple Mango Puree Pouch 90g,Plum Organics,Baby,Baby Food,199
PROD000745,Junior NutriGro 400g 2+ Years,Mead Johnson,Baby,Baby Food,799
PROD000746,Rice Carrot Mash 100g Pouch,HiPP Organic,Baby,Baby Food,299
PROD000747,Noodles Baby Multigrain,Yogabar Baby,Baby,Baby Food,149
PROD000748,Teething Biscuits Vanilla 130g,Farex,Baby,Baby Food,199
PROD000749,Millet Berry Porridge 200g,Slurp Farm,Baby,Baby Food,349
PROD000750,Formula Milk Stage 2 400g,Similac,Baby,Baby Food,799
PROD000751,Stacking Cups 10-Piece,Infantino,Baby,Toys,799
PROD000752,Baby Walker Musical,Fisher-Price,Baby,Toys,3499
PROD000753,Cot Mobile Musical Stars,Cloud B,Baby,Toys,2999
PROD000754,Chewable Teether Elephant,Sophie La Girafe,Baby,Toys,1299
PROD000755,Soft Cloth Book Crinkle,Lamaze,Baby,Toys,799
PROD000756,Bath Squirt Toys Set,Munchkin,Baby,Toys,699
PROD000757,Baby Activity Cube,Vtech,Baby,Toys,1999
PROD000758,Spinning Top Musical,Chicco,Baby,Toys,999
PROD000759,Sensory Ball Set of 6,Infantino,Baby,Toys,899
PROD000760,Pop-Up Learning Toy,Fisher-Price,Baby,Toys,1299
PROD000761,Stroller Travel System,Chicco,Baby,Baby Gear,24999
PROD000762,High Chair with Tray,Chicco,Baby,Baby Gear,9999
PROD000763,Baby Car Seat Infant,Maxi-Cosi,Baby,Baby Gear,19999
PROD000764,Baby Carrier Wrap 3-in-1,Ergobaby,Baby,Baby Gear,8999
PROD000765,Bouncer Rocker Electric,Fisher-Price,Baby,Baby Gear,6999
PROD000766,Playpen Foldable 10-Panel,Graco,Baby,Baby Gear,7999
PROD000767,"Baby Monitor Video 5"" Screen",VTech,Baby,Baby Gear,4999
PROD000768,Diaper Backpack Bag Waterproof,Skip Hop,Baby,Baby Gear,3999
PROD000769,Nursing Pillow U-Shape,Medela,Baby,Baby Gear,2499
PROD000770,Baby Bath Tub Foldable,Mee Mee,Baby,Baby Gear,1499
PROD000771,Baby Wash & Shampoo 400ml,Johnson's Baby,Baby,Bath & Skin Care,299
PROD000772,Nappy Rash Cream 50g,Himalaya,Baby,Bath & Skin Care,199
PROD000773,Baby Oil Mineral 200ml,Dabur Lal Tail,Baby,Bath & Skin Care,169
PROD000774,Fragrance-Free Lotion 200ml,Aveeno Baby,Baby,Bath & Skin Care,599
PROD000775,Baby Powder Talc-Free 100g,Mamaearth,Baby,Bath & Skin Care,249
PROD000776,Wet Wipes 99% Water 80pcs,WaterWipes,Baby,Bath & Skin Care,399
PROD000777,Tear-Free Shampoo 100ml,Pigeon,Baby,Bath & Skin Care,199
PROD000778,Baby Sunscreen SPF 50+,Banana Boat Baby,Baby,Bath & Skin Care,799
PROD000779,Organic Baby Balm 50g,Mother Sparsh,Baby,Bath & Skin Care,299
PROD000780,Baby Ear Cleaning Swabs,Johnson's,Baby,Bath & Skin Care,129
PROD000781,Organic Cotton Onesie 3-Pack,Carter's,Baby,Clothing,1299
PROD000782,Romper with Snap Buttons 3-6M,H&M Baby,Baby,Clothing,699
PROD000783,Soft Mittens & Booties Set,Mothercare,Baby,Clothing,499
PROD000784,Baby Sleeping Bag 1 Tog,Grobag,Baby,Clothing,1999
PROD000785,Cotton Jhabla Pack of 5,Mee Mee,Baby,Clothing,599
PROD000786,Winter Dungaree Set,Babyoye,Baby,Clothing,799
PROD000787,Baby Swaddle Muslin 3-Pack,aden + anais,Baby,Clothing,1499
PROD000788,Hooded Towel + Washcloth Set,Pampers,Baby,Clothing,699
PROD000789,Newborn Hat & Socks Set,Chicco,Baby,Clothing,399
PROD000790,Baby Girl Frock 3-Pack,Hopscotch,Baby,Clothing,999
PROD000791,Wide Neck Glass Bottle 240ml,Philips Avent,Baby,Feeding Essentials,999
PROD000792,Anti-Colic Bottle 150ml,Dr. Brown's,Baby,Feeding Essentials,1299
PROD000793,Silicone Nipple Size 2,Pigeon,Baby,Feeding Essentials,299
PROD000794,Baby Spoon & Fork Set Silicone,Munchkin,Baby,Feeding Essentials,599
PROD000795,Electric Breast Pump Single,Medela,Baby,Feeding Essentials,9999
PROD000796,Insulated Bottle Bag,Skip Hop,Baby,Feeding Essentials,799
PROD000797,Bottle Warmer Quick,Chicco,Baby,Feeding Essentials,2499
PROD000798,Breastmilk Storage Bags 25pcs,Medela,Baby,Feeding Essentials,699
PROD000799,Suction Bowl with Lid,OXO Tot,Baby,Feeding Essentials,999
PROD000800,Sterilizer Steam Electric 6-Bottle,Philips Avent,Baby,Feeding Essentials,4999
PROD000801,Adult Dry Dog Food Chicken 3kg,Royal Canin,Pets,Dog Food,1899
PROD000802,Grain Free Dog Food 2kg,Pedigree,Pets,Dog Food,999
PROD000803,Puppy Dry Food 3kg,Drools,Pets,Dog Food,799
PROD000804,Wet Dog Food Pouch 85g,Whiskas,Pets,Dog Food,89
PROD000805,Premium Dry Dog Food Salmon 3kg,Orijen,Pets,Dog Food,3999
PROD000806,Chicken Jerky Dog Treats 100g,Dogsee Chew,Pets,Dog Food,299
PROD000807,Digest Sensitive Dry Food 1.5kg,Hills Science Diet,Pets,Dog Food,2499
PROD000808,Raw Hide Chew Bones 6pcs,JerHigh,Pets,Dog Food,299
PROD000809,Small Breed Dry Food 1.5kg,Eukanuba,Pets,Dog Food,1499
PROD000810,Dental Treats 180g,Greenies,Pets,Dog Food,799
PROD000811,Adult Dry Cat Food Tuna 2kg,Royal Canin,Pets,Cat Food,1799
PROD000812,Kitten Dry Food 1.2kg,Whiskas,Pets,Cat Food,699
PROD000813,Wet Cat Food Pouch 85g Salmon,Sheba,Pets,Cat Food,99
PROD000814,Grain-Free Cat Food Chicken 1.5kg,Orijen,Pets,Cat Food,3499
PROD000815,Premium Adult Indoor Cat 1.5kg,Hills Science Diet,Pets,Cat Food,2299
PROD000816,Sterilised Cat Dry Food 1.5kg,Purina Pro Plan,Pets,Cat Food,2199
PROD000817,Dry Cat Food Sensitive 2kg,Iams,Pets,Cat Food,1499
PROD000818,Cat Treat Churu Tubes Pack,Inaba Churu,Pets,Cat Food,499
PROD000819,Freeze-Dried Cat Treat 40g,Stella & Chewy,Pets,Cat Food,699
PROD000820,Urinary Care Cat Food 1.5kg,Royal Canin,Pets,Cat Food,2299
PROD000821,Adjustable Dog Harness L,Ruffwear,Pets,Pet Accessories,4999
PROD000822,Retractable Dog Leash 5m,Flexi,Pets,Pet Accessories,1499
PROD000823,Cat Scratching Post Tower,Amazon Basics,Pets,Pet Accessories,1999
PROD000824,Dog Bed Orthopedic Medium,Furhaven,Pets,Pet Accessories,2999
PROD000825,Stainless Steel Water Bowl,Iris,Pets,Pet Accessories,499
PROD000826,Pet GPS Tracker,Tractive,Pets,Pet Accessories,3999
PROD000827,Automatic Pet Feeder 4L,PetKit,Pets,Pet Accessories,4499
PROD000828,Cat Litter Box Covered,Catit,Pets,Pet Accessories,1999
PROD000829,Dog Jacket Winter Small,Gooby,Pets,Pet Accessories,1499
PROD000830,Interactive Laser Toy Cat,FroliCat,Pets,Pet Accessories,1299
PROD000831,Tick & Flea Spot-On Treatment,Frontline Plus,Pets,Healthcare,699
PROD000832,Deworming Tablets 4pcs Dog,Drontal,Pets,Healthcare,499
PROD000833,Pet Calcium Supplement 150g,Vetnex,Pets,Healthcare,399
PROD000834,Ear Cleaner Solution 118ml,Virbac Epi-Otic,Pets,Healthcare,599
PROD000835,Eye Drops Pet Antibiotic,Cipla Vet,Pets,Healthcare,149
PROD000836,First Aid Kit for Pets,AKC Pet First Aid,Pets,Healthcare,1999
PROD000837,Pet Vitamin D3 Drops,Zoetis,Pets,Healthcare,349
PROD000838,Flea Collar Seresto 8-Month,Bayer Seresto,Pets,Healthcare,2999
PROD000839,Pet Probiotic Powder 60g,Fortiflora,Pets,Healthcare,799
PROD000840,Immunity Booster Syrup 200ml,Himalaya Erina,Pets,Healthcare,299
PROD000841,Pet Slicker Brush Self-Cleaning,Hertzko,Pets,Grooming,1299
PROD000842,Dog Shampoo Anti-Tick 200ml,Virbac,Pets,Grooming,399
PROD000843,Pet Nail Clipper with Guard,Millers Forge,Pets,Grooming,799
PROD000844,Deshedding Tool Medium Dog,FURminator,Pets,Grooming,3499
PROD000845,Pet Dryer Blow Dryer 2000W,XPOWER,Pets,Grooming,2999
PROD000846,Dog Toothbrush Kit + Paste,Virbac,Pets,Grooming,499
PROD000847,Cat Comb Flea Stainless,JW Pet,Pets,Grooming,399
PROD000848,Conditioner Coat Shine Spray 200ml,Bio-Groom,Pets,Grooming,699
PROD000849,Pet Electric Trimmer Quiet,Oster,Pets,Grooming,2999
PROD000850,Ear Cleansing Wipes 60pcs,Petkin,Pets,Grooming,399
PROD000851,Ballpoint Pen Box of 12 Blue,Parker,Stationery,Pens,999
PROD000852,Gel Pen Signo RT 0.7mm 12pk,Uni-ball,Stationery,Pens,799
PROD000853,Fountain Pen EF Nib,LAMY Safari,Stationery,Pens,2499
PROD000854,Highlighter Set of 6 Colors,Stabilo Boss,Stationery,Pens,499
PROD000855,Roller Ball Pen Medium Blue,Pilot G2,Stationery,Pens,149
PROD000856,Marker Permanent Black 12pk,Camlin,Stationery,Pens,299
PROD000857,Whiteboard Markers 4-Color,Faber-Castell,Stationery,Pens,399
PROD000858,Oil Pastel Set of 25,Crayola,Stationery,Pens,299
PROD000859,Technical Drawing Pen Set 4,Staedtler,Stationery,Pens,1299
PROD000860,Sketch Pen Set of 24,Faber-Castell,Stationery,Pens,499
PROD000861,Dotted Bullet Journal A5,Leuchtturm1917,Stationery,Notebooks,1299
PROD000862,Spiral Notebook A4 Pack of 3,Classmate,Stationery,Notebooks,199
PROD000863,Hardcover Notebook A5 240pg,Moleskine,Stationery,Notebooks,1499
PROD000864,Grid Notebook A5 5mm,Rhodia,Stationery,Notebooks,799
PROD000865,Waterproof Notebook A5,Rite in the Rain,Stationery,Notebooks,699
PROD000866,Project Planner A4,Paperage,Stationery,Notebooks,599
PROD000867,Smart Reusable Notebook,Rocketbook,Stationery,Notebooks,2999
PROD000868,Composition Book Wide Rule,Mead,Stationery,Notebooks,149
PROD000869,Artist Sketchbook A4 110gsm,Brustro,Stationery,Notebooks,499
PROD000870,Daily Planner Undated,Papier,Stationery,Notebooks,1999
PROD000871,Watercolor Set 24 Colors,Winsor & Newton,Stationery,Art Supplies,2499
PROD000872,Acrylic Paint Set 18 Colors,Fevicryl,Stationery,Art Supplies,799
PROD000873,Professional Paintbrush Set 12,Princeton,Stationery,Art Supplies,1299
PROD000874,Canvas Board 12x16 Pack of 3,Brustro,Stationery,Art Supplies,599
PROD000875,Oil Paint Set 12 Colors,Gamblin,Stationery,Art Supplies,3499
PROD000876,Charcoal Drawing Set 20pcs,Generals,Stationery,Art Supplies,499
PROD000877,Sketching Pencil Set HB-8B,Staedtler,Stationery,Art Supplies,699
PROD000878,Palette Knife Set of 5,Royal Langnickel,Stationery,Art Supplies,599
PROD000879,Gouache Set 12 Colors,M. Graham,Stationery,Art Supplies,1999
PROD000880,Coloring Pencils Set 48,Faber-Castell,Stationery,Art Supplies,1299
PROD000881,Box File Plastic A4 Pack of 5,Classmate,Stationery,Files & Folders,399
PROD000882,Lever Arch File A4 8cm,Leitz,Stationery,Files & Folders,599
PROD000883,Accordion File 13-Pocket,Smead,Stationery,Files & Folders,499
PROD000884,Clear Pockets A4 100 Sheets,Avery,Stationery,Files & Folders,299
PROD000885,Expanding File Wallet,Durable,Stationery,Files & Folders,399
PROD000886,Document Wallet L-Shape 40pcs,Solo,Stationery,Files & Folders,199
PROD000887,Project Folder Zipper A4,Poppin,Stationery,Files & Folders,699
PROD000888,Manila Folder 100pcs,Oxford,Stationery,Files & Folders,499
PROD000889,"Binder 3-Ring 2"" D-Ring",Avery,Stationery,Files & Folders,399
PROD000890,Color Tab Dividers 8-Tab,Avery,Stationery,Files & Folders,199
PROD000891,Mechanical Pencil 0.5mm,Pentel GraphGear,Stationery,Writing Tools,799
PROD000892,Eraser Vinyl Non-Smear,Staedtler,Stationery,Writing Tools,99
PROD000893,Correction Tape 5m,Tombow Mono,Stationery,Writing Tools,299
PROD000894,Ruler Metal Non-Slip 30cm,Staedtler,Stationery,Writing Tools,299
PROD000895,Compass Geometry Set 8-Piece,Faber-Castell,Stationery,Writing Tools,399
PROD000896,Index Sticky Notes 3x3 6-Color,Post-It,Stationery,Writing Tools,299
PROD000897,Sharpener Double Hole Metal,Maped,Stationery,Writing Tools,149
PROD000898,Pencil Grip Ergonomic Pack of 6,Staedtler,Stationery,Writing Tools,199
PROD000899,Calligraphy Set 12-Piece,Manuscript,Stationery,Writing Tools,999
PROD000900,Ink Refill Blue 30ml,Parker,Stationery,Writing Tools,199
PROD000901,EVA Foam Sheets 10-Color,Flair,Stationery,Craft Materials,299
PROD000902,Origami Paper 100 Sheets,Tuttle Publishing,Stationery,Craft Materials,399
PROD000903,Glitter Glue 12-Pack,Elmer's,Stationery,Craft Materials,499
PROD000904,Self-Adhesive Googly Eyes Assorted,Baker Ross,Stationery,Craft Materials,199
PROD000905,Hot Glue Gun with 20 Sticks,Bosch,Stationery,Craft Materials,799
PROD000906,Washi Tape Set of 15,mt masking tape,Stationery,Craft Materials,699
PROD000907,Scrapbook Kit Deluxe,Recollections,Stationery,Craft Materials,1499
PROD000908,Crepe Paper Rolls 12-Color,Deli,Stationery,Craft Materials,299
PROD000909,Pom Pom Assorted 150pcs,Crayola,Stationery,Craft Materials,199
PROD000910,Craft Wire Aluminum 3-Roll,Pepperell,Stationery,Craft Materials,399
PROD000911,22KT Gold Mangalsutra 5g,Tanishq,Jewellery,Gold,32000
PROD000912,22KT Gold Bangles Pair 10g,Malabar Gold,Jewellery,Gold,64000
PROD000913,18KT Gold Pendant with Chain,Kalyan Jewellers,Jewellery,Gold,18000
PROD000914,22KT Gold Jhumka Earrings,PC Jeweller,Jewellery,Gold,24000
PROD000915,22KT Gold Coin 1g,MMTC-PAMP,Jewellery,Gold,6500
PROD000916,18KT Rose Gold Ring,CaratLane,Jewellery,Gold,15000
PROD000917,24KT Digital Gold 2g,Augmont Gold,Jewellery,Gold,13000
PROD000918,22KT Gold Necklace Set,GRT Jewellers,Jewellery,Gold,95000
PROD000919,18KT Gold Heart Pendant,Orra,Jewellery,Gold,12000
PROD000920,22KT Gold Earring Studs,Tanishq,Jewellery,Gold,9500
PROD000921,Pure Silver Coin 20g,MMTC-PAMP,Jewellery,Silver,1999
PROD000922,Sterling Silver Anklet Pair,Voylla,Jewellery,Silver,799
PROD000923,Silver Filigree Earrings,Giva,Jewellery,Silver,1299
PROD000924,999 Silver Bar 100g,MMTC-PAMP,Jewellery,Silver,9999
PROD000925,Silver Oxidised Necklace,Fabindia Jewellery,Jewellery,Silver,1499
PROD000926,Silver Kada Bracelet Men,Malabar Gold,Jewellery,Silver,4999
PROD000927,Silver Toe Ring Set of 2,Voylla,Jewellery,Silver,599
PROD000928,Sterling Silver Bangle Set 6,Giva,Jewellery,Silver,1999
PROD000929,Silver Ganesh Idol 50g,P.C. Chandra,Jewellery,Silver,4999
PROD000930,Silver Bali Earrings 92.5,CaratLane,Jewellery,Silver,1799
PROD000931,Oxidised Choker Necklace Set,Zaveri Pearls,Jewellery,Fashion Jewellery,599
PROD000932,Boho Layered Chain Necklace,Shaya,Jewellery,Fashion Jewellery,999
PROD000933,Statement Earrings Tassels,Accessorize,Jewellery,Fashion Jewellery,799
PROD000934,Pearl Necklace Classic Strand,Pipa Bella,Jewellery,Fashion Jewellery,1299
PROD000935,Artificial Diamond Bangles Set 6,Sukkhi,Jewellery,Fashion Jewellery,699
PROD000936,Kundan Maang Tikka,Zaveri Pearls,Jewellery,Fashion Jewellery,499
PROD000937,Adjustable Stack Rings Set 7,Shaya,Jewellery,Fashion Jewellery,999
PROD000938,Charm Bracelet with Charms,Pipa Bella,Jewellery,Fashion Jewellery,799
PROD000939,Ear Cuff Set 3-Piece,Accessorize,Jewellery,Fashion Jewellery,599
PROD000940,Crystal Drop Earrings Long,Youbella,Jewellery,Fashion Jewellery,399
PROD000941,Solitaire Diamond Ring 0.3ct 18KT,Tanishq,Jewellery,Rings,45000
PROD000942,Platinum Wedding Band,Malabar Gold,Jewellery,Rings,25000
PROD000943,Sterling Silver CZ Band Ring,Giva,Jewellery,Rings,1499
PROD000944,Sapphire Gold Ring 18KT,CaratLane,Jewellery,Rings,22000
PROD000945,Adjustable Rose Gold Ring,Shaya,Jewellery,Rings,1299
PROD000946,Men's Signet Ring Silver,Voylla,Jewellery,Rings,1999
PROD000947,Emerald Cut Diamond Ring,Orra,Jewellery,Rings,62000
PROD000948,Three Stone Ruby Ring,Kalyan Jewellers,Jewellery,Rings,35000
PROD000949,Infinity Symbol Ring Sterling,Giva,Jewellery,Rings,1299
PROD000950,Stackable Fashion Rings Set 5,Pipa Bella,Jewellery,Rings,999
PROD000951,Temple Jewellery Gold Necklace,Tanishq,Jewellery,Necklaces,85000
PROD000952,Diamond Pendant Necklace 0.25ct,Orra,Jewellery,Necklaces,35000
PROD000953,Mangalsutra Gold 22KT 8g,Malabar Gold,Jewellery,Necklaces,52000
PROD000954,Layered Chain Necklace Silver,Giva,Jewellery,Necklaces,2499
PROD000955,Emerald Beaded Necklace,Jaipur Gems,Jewellery,Necklaces,3999
PROD000956,Baroque Pearl Necklace,Pipa Bella,Jewellery,Necklaces,1499
PROD000957,Long Boho Necklace Tribal,Zaveri Pearls,Jewellery,Necklaces,699
PROD000958,Initial Pendant Necklace A-Z,Shaya,Jewellery,Necklaces,1799
PROD000959,Turquoise Stone Necklace,Voylla,Jewellery,Necklaces,899
PROD000960,Gold-Plated Floral Necklace,Youbella,Jewellery,Necklaces,599
PROD000961,Gold Bangle 22KT 8g,Tanishq,Jewellery,Bracelets,52000
PROD000962,Diamond Tennis Bracelet 18KT,Orra,Jewellery,Bracelets,48000
PROD000963,Beaded Stretch Bracelet Set 7,Pipa Bella,Jewellery,Bracelets,799
PROD000964,Sterling Silver Charm Bracelet,Giva,Jewellery,Bracelets,1999
PROD000965,Men's Leather Cuff Bracelet,Voylla,Jewellery,Bracelets,699
PROD000966,Kada Bangle Men Steel,Dare by Voylla,Jewellery,Bracelets,599
PROD000967,Rakhi Bracelet Kundan,Zaveri Pearls,Jewellery,Bracelets,499
PROD000968,Rudraksha Bracelet 8mm,Shiv Jagdamba,Jewellery,Bracelets,499
PROD000969,Adjustable Crystal Bangle,Sukkhi,Jewellery,Bracelets,599
PROD000970,Friendship Bracelet Set 3,Shaya,Jewellery,Bracelets,899
PROD000971,Submariner Date Automatic,Rolex,Jewellery,Watches,1150000
PROD000972,Speedmaster Moonwatch Professional,Omega,Jewellery,Watches,580000
PROD000973,Carrera Calibre 16 Chrono,TAG Heuer,Jewellery,Watches,150000
PROD000974,Tissot PRX Powermatic 80,Tissot,Jewellery,Watches,45000
PROD000975,Seiko Presage Cocktail Time,Seiko,Jewellery,Watches,32000
PROD000976,Titan Edge Slim Watch,Titan,Jewellery,Watches,12995
PROD000977,Fastrack Bikers Chronograph,Fastrack,Jewellery,Watches,3995
PROD000978,Casio G-Shock DW5600 Digital,Casio,Jewellery,Watches,8995
PROD000979,Fossil Grant Chronograph,Fossil,Jewellery,Watches,14995
PROD000980,Timex Expedition Classic,Timex,Jewellery,Watches,3495
PROD000981,Air Force 1 Low White,Nike,Footwear,Men Footwear,9995
PROD000982,Ultraboost 22 Running,Adidas,Footwear,Men Footwear,14999
PROD000983,Desert Boot Crepe Sole,Clarks,Footwear,Men Footwear,8999
PROD000984,Formal Oxford Brogue,Red Tape,Footwear,Men Footwear,3499
PROD000985,Sports Running Shoe GEL,ASICS,Footwear,Men Footwear,9999
PROD000986,Slip-On Canvas Sneaker,Vans,Footwear,Men Footwear,4995
PROD000987,Hiking Boot Waterproof,Salomon,Footwear,Men Footwear,14999
PROD000988,Loafer Penny Slip-On Leather,Hush Puppies,Footwear,Men Footwear,4499
PROD000989,Traditional Kolhapuri,Metro,Footwear,Men Footwear,1999
PROD000990,Slippers Hawai Flip Flop,Bata,Footwear,Men Footwear,499
PROD000991,Classic Ballerina Flat,Aldo,Footwear,Women Footwear,3999
PROD000992,Block Heel Sandal Strappy,Steve Madden,Footwear,Women Footwear,5999
PROD000993,Platform Sneaker White,New Balance 530,Footwear,Women Footwear,9999
PROD000994,Kitten Heel Pump Pointed,Nine West,Footwear,Women Footwear,4999
PROD000995,Wedge Sandal Cork,Skechers,Footwear,Women Footwear,3499
PROD000996,Ankle Boots Chelsea Women,Clarks,Footwear,Women Footwear,7999
PROD000997,Kolhapuri Heeled Sandal,Papdors,Footwear,Women Footwear,1499
PROD000998,Running Shoe Cloud X,On Running,Footwear,Women Footwear,14999
PROD000999,Mule Slide Sandal,Zara,Footwear,Women Footwear,3499
PROD001000,Embroidered Juti Flat,Needledust,Footwear,Women Footwear,1999
PROD001001,Sandal Water Beach,Crocs,Footwear,Kids Footwear,2499
PROD001002,Kids Running Shoe Flex,Nike,Footwear,Kids Footwear,3995
PROD001003,School Shoe Black Velcro,Bata Bubblegummers,Footwear,Kids Footwear,999
PROD001004,Sandal Adjustable Velcro,Keen,Footwear,Kids Footwear,3999
PROD001005,LED Light Shoes Kids,Skechers,Footwear,Kids Footwear,2999
PROD001006,Rain Boots Rubber Frog,Hunter,Footwear,Kids Footwear,4999
PROD001007,Canvas Slip-On Star,Converse,Footwear,Kids Footwear,2695
PROD001008,Floater Sports Sandal,Campus,Footwear,Kids Footwear,799
PROD001009,Baby Soft Sole Bootie,Mothercare,Footwear,Kids Footwear,699
PROD001010,Disney Princess Slipper,Disney Crocs,Footwear,Kids Footwear,1999
PROD001011,React Infinity Run 3,Nike,Footwear,Sports Shoes,12995
PROD001012,Gel-Nimbus 25 Running,ASICS,Footwear,Sports Shoes,16999
PROD001013,Predator Accuracy Football,Adidas,Footwear,Sports Shoes,9999
PROD001014,Court Zoom Pro Tennis,Nike,Footwear,Sports Shoes,8995
PROD001015,Fresh Foam 880v13,New Balance,Footwear,Sports Shoes,12999
PROD001016,Gel-Resolution 9 Tennis,ASICS,Footwear,Sports Shoes,12999
PROD001017,Cricket Spike Shoes,SG,Footwear,Sports Shoes,3999
PROD001018,Badminton Shoe SHB65Z3,Yonex,Footwear,Sports Shoes,5999
PROD001019,Trail Runner Speedcross 5,Salomon,Footwear,Sports Shoes,14999
PROD001020,Wrestling Shoe Speed 5,Nike,Footwear,Sports Shoes,8995
PROD001021,Old Skool Low Sneaker,Vans,Footwear,Casual Shoes,5495
PROD001022,Stan Smith OG,Adidas,Footwear,Casual Shoes,7999
PROD001023,Chuck Taylor All Star,Converse,Footwear,Casual Shoes,4695
PROD001024,Suede Puma Sneaker Classic,Puma,Footwear,Casual Shoes,6999
PROD001025,DC Shoes Power Lite 2,DC Shoes,Footwear,Casual Shoes,4999
PROD001026,Reebok Classic Leather,Reebok,Footwear,Casual Shoes,6499
PROD001027,New Balance 574 Core,New Balance,Footwear,Casual Shoes,8499
PROD001028,Woodland Outdoor Lace Up,Woodland,Footwear,Casual Shoes,3799
PROD001029,HRX Trail Runner Lite,HRX by Hrithik,Footwear,Casual Shoes,2299
PROD001030,Furon Dispatch Trainer,New Balance,Footwear,Casual Shoes,5999
PROD001031,Captoe Oxford Black,Bespoke,Footwear,Formal Shoes,14999
PROD001032,Brogue Derby Tan Brown,Clarks,Footwear,Formal Shoes,8999
PROD001033,Patent Leather Oxford,Stacy Adams,Footwear,Formal Shoes,6999
PROD001034,Wingtip Spectator Two-Tone,Allen Edmonds,Footwear,Formal Shoes,28000
PROD001035,Double Monk Strap,Red Tape,Footwear,Formal Shoes,3999
PROD001036,Chelsea Boot Formal,Lee Cooper,Footwear,Formal Shoes,3499
PROD001037,Lace-Up Slip Resistant Formal,Hush Puppies,Footwear,Formal Shoes,4499
PROD001038,Derby Shoe Perforated,U.S. Polo Assn.,Footwear,Formal Shoes,2499
PROD001039,Men Loafer Corporate,Van Heusen,Footwear,Formal Shoes,3999
PROD001040,Oxford Genuine Leather Cap-Toe,Ruosh,Footwear,Formal Shoes,6999
PROD001041,Classic Backpack 25L,The North Face,Bags & Luggage,Backpacks,5999
PROD001042,Osprey Farpoint 40L Travel,Osprey,Bags & Luggage,Backpacks,14999
PROD001043,Wildcraft Backpack 30L,Wildcraft,Bags & Luggage,Backpacks,2999
PROD001044,Quechua NH100 Nature 10L,Decathlon,Bags & Luggage,Backpacks,799
PROD001045,Anti-Theft Backpack Urban,Pacsafe,Bags & Luggage,Backpacks,7999
PROD001046,School Bag Trolley 30L,Skybags,Bags & Luggage,Backpacks,1999
PROD001047,Hiking Backpack 50L Frame,Deuter,Bags & Luggage,Backpacks,12999
PROD001048,"Laptop Backpack 15.6""",Samsonite,Bags & Luggage,Backpacks,4999
PROD001049,Jansport Big Student 34L,JanSport,Bags & Luggage,Backpacks,5499
PROD001050,Sports Backpack Gymbag 20L,Adidas,Bags & Luggage,Backpacks,1999
PROD001051,55cm Cabin Hardside Trolley,Samsonite,Bags & Luggage,Trolleys,14999
PROD001052,77cm Large Suitcase,American Tourister,Bags & Luggage,Trolleys,9999
PROD001053,3-Piece Luggage Set,Skybags,Bags & Luggage,Trolleys,12999
PROD001054,Cabin 4-Wheel Spinner 55cm,Delsey,Bags & Luggage,Trolleys,17999
PROD001055,Trek Trolley 75cm,Wildcraft,Bags & Luggage,Trolleys,7999
PROD001056,VIP Cabin Trolley Small,VIP,Bags & Luggage,Trolleys,4999
PROD001057,Hardside Polycarbonate 65cm,Aristocrat,Bags & Luggage,Trolleys,5999
PROD001058,Globe Trotter 70cm Trolley,Antler,Bags & Luggage,Trolleys,29999
PROD001059,Check-In 2.0 Hardside 70cm,Safari,Bags & Luggage,Trolleys,6999
PROD001060,Carry-On TUMI Alpha 3,TUMI,Bags & Luggage,Trolleys,79000
PROD001061,Tote Bag Leather Medium,Hidesign,Bags & Luggage,Handbags,4999
PROD001062,Satchel Bag Suede,Baggit,Bags & Luggage,Handbags,2499
PROD001063,Crossbody Bag Mini Chain,Accessorize,Bags & Luggage,Handbags,1999
PROD001064,Shoulder Bag Canvas Hobo,Lavie,Bags & Luggage,Handbags,1799
PROD001065,Clutch Evening Party,Caprese,Bags & Luggage,Handbags,999
PROD001066,Bucket Bag Drawstring,Da Milano,Bags & Luggage,Handbags,5999
PROD001067,Doctor Bag Structured,Eske,Bags & Luggage,Handbags,4499
PROD001068,Woven Basket Bag Straw,Zara,Bags & Luggage,Handbags,2999
PROD001069,Boho Fringe Bag,Aldo,Bags & Luggage,Handbags,3499
PROD001070,Coach Mini Saddle Bag,Coach,Bags & Luggage,Handbags,29999
PROD001071,Slim Minimalist Wallet RFID,Secrid,Bags & Luggage,Wallets,3999
PROD001072,Bifold Leather Wallet Men,Woodland,Bags & Luggage,Wallets,1499
PROD001073,Zip Purse Women Small,Lavie,Bags & Luggage,Wallets,999
PROD001074,Travel Document Organizer,Baggallini,Bags & Luggage,Wallets,2999
PROD001075,Genuine Leather Cardholder,Hidesign,Bags & Luggage,Wallets,1499
PROD001076,Phone Wallet Crossbody,Fossil,Bags & Luggage,Wallets,3999
PROD001077,Money Clip Slim Steel,Bosca,Bags & Luggage,Wallets,1999
PROD001078,Zip-Around Clutch Wallet,Caprese,Bags & Luggage,Wallets,1299
PROD001079,RFID Long Wallet Multi-Slot,Bellroy,Bags & Luggage,Wallets,6999
PROD001080,Canvas Velcro Wallet,DailyObjects,Bags & Luggage,Wallets,799
PROD001081,"Briefcase 15.6"" Leather",Targus,Bags & Luggage,Laptop Bags,4999
PROD001082,"Sleeve 13"" MacBook Felt",tomtoc,Bags & Luggage,Laptop Bags,1499
PROD001083,"Messenger Bag 15.6""",Samsonite,Bags & Luggage,Laptop Bags,2999
PROD001084,"Backpack Laptop 17.3""",Matein,Bags & Luggage,Laptop Bags,2499
PROD001085,"Hard Shell Case 14"" ASUS",Inateck,Bags & Luggage,Laptop Bags,1999
PROD001086,"Tote Bag Laptop Women 15""",Baggit,Bags & Luggage,Laptop Bags,1999
PROD001087,"Slim Laptop Bag 14""",Wildcraft,Bags & Luggage,Laptop Bags,1499
PROD001088,"Rolling Laptop Trolley 15.6""",Case Logic,Bags & Luggage,Laptop Bags,4999
PROD001089,"Crossbody Laptop Bag 13""",Knomo,Bags & Luggage,Laptop Bags,7999
PROD001090,"Leather Laptop Folio 15""",Hidesign,Bags & Luggage,Laptop Bags,5999
PROD001091,Toiletry Bag Hanging Clear TSA,Bago Travel,Bags & Luggage,Travel Kits,999
PROD001092,Packing Cubes Set of 6,Eagle Creek,Bags & Luggage,Travel Kits,3999
PROD001093,Travel Pillow Memory Foam,Cabeau,Bags & Luggage,Travel Kits,3499
PROD001094,Passport Cover RFID,Bellroy,Bags & Luggage,Travel Kits,2999
PROD001095,Universal Travel Adapter,Anker,Bags & Luggage,Travel Kits,2499
PROD001096,Compression Packing Bags 5pc,Spacesaver,Bags & Luggage,Travel Kits,999
PROD001097,Travel Medication Organizer,Shacke,Bags & Luggage,Travel Kits,799
PROD001098,Cable Organizer Roll Pouch,Cocoon,Bags & Luggage,Travel Kits,1999
PROD001099,Eye Mask & Earplugs Kit,Lewis N. Clark,Bags & Luggage,Travel Kits,699
PROD001100,Luggage Strap Lock Set 2,Travelon,Bags & Luggage,Travel Kits,999
PROD001101,Stratocaster Standard Sunburst,Fender,Music & Instruments,Guitars,59999
PROD001102,Les Paul Standard 60s,Gibson,Music & Instruments,Guitars,249999
PROD001103,GS Mini Acoustic Rosewood,Taylor,Music & Instruments,Guitars,44999
PROD001104,Dreadnought D-28,Martin,Music & Instruments,Guitars,149999
PROD001105,PRS SE Custom 24,PRS Guitars,Music & Instruments,Guitars,59999
PROD001106,Ibanez RG350DXZ Electric,Ibanez,Music & Instruments,Guitars,34999
PROD001107,Yamaha F310 Acoustic,Yamaha,Music & Instruments,Guitars,8999
PROD001108,Cort AD810 Acoustic Sunburst,Cort,Music & Instruments,Guitars,9999
PROD001109,Squire Classic Vibe Strat,Squier,Music & Instruments,Guitars,29999
PROD001110,Epiphone Les Paul Classic,Epiphone,Music & Instruments,Guitars,29999
PROD001111,KOMPLETE KONTROL S49 MK2,Native Instruments,Music & Instruments,Keyboards,49999
PROD001112,P-125 Digital Piano 88 Key,Yamaha,Music & Instruments,Keyboards,54999
PROD001113,RD-88 Stage Piano,Roland,Music & Instruments,Keyboards,134999
PROD001114,Arturia KeyLab Essential 61,Arturia,Music & Instruments,Keyboards,21999
PROD001115,Casio CTX-3000 Portable,Casio,Music & Instruments,Keyboards,12999
PROD001116,Nord Stage 3 88 Key,Nord,Music & Instruments,Keyboards,349999
PROD001117,Alesis Recital 88-Key Semi-weighted,Alesis,Music & Instruments,Keyboards,16999
PROD001118,Korg Minilogue Analog Synth,Korg,Music & Instruments,Keyboards,49999
PROD001119,Roland Go:Piano 61 Key,Roland,Music & Instruments,Keyboards,16999
PROD001120,Akai MPK Mini Play MK3,Akai,Music & Instruments,Keyboards,12999
PROD001121,DD-80S Complete Drum Kit,Ludwig,Music & Instruments,Drums,74999
PROD001122,DTX432K Electronic Drum Set,Yamaha,Music & Instruments,Drums,54999
PROD001123,TD-1DMK V-Drums Electronic,Roland,Music & Instruments,Drums,69999
PROD001124,Stage Custom Birch 5-Piece,Yamaha,Music & Instruments,Drums,124999
PROD001125,Sonor AQX Studio Drum Set,Sonor,Music & Instruments,Drums,84999
PROD001126,Pearl Roadshow 5-Piece,Pearl,Music & Instruments,Drums,44999
PROD001127,Ddrum D1 Junior Drum Set,Ddrum,Music & Instruments,Drums,24999
PROD001128,Alesis Nitro Max Mesh E-Kit,Alesis,Music & Instruments,Drums,49999
PROD001129,DW Collectors Series Snare,DW Drums,Music & Instruments,Drums,59999
PROD001130,Tama Club Jam Mini Shell Kit,Tama,Music & Instruments,Drums,54999
PROD001131,SM7dB Dynamic Microphone,Shure,Music & Instruments,Studio Equipment,42999
PROD001132,Scarlett Solo 4th Gen USB Interface,Focusrite,Music & Instruments,Studio Equipment,9999
PROD001133,Sony MDR-7506 Studio Headphones,Sony,Music & Instruments,Studio Equipment,7999
PROD001134,KRK Rokit 5 G4 Studio Monitor,KRK,Music & Instruments,Studio Equipment,19999
PROD001135,Apollo Twin X DUO USB,Universal Audio,Music & Instruments,Studio Equipment,74999
PROD001136,Ableton Live 11 Suite DAW,Ableton,Music & Instruments,Studio Equipment,54999
PROD001137,Yamaha HS8 Studio Monitor,Yamaha,Music & Instruments,Studio Equipment,36999
PROD001138,Maschine MK3 Controller,Native Instruments,Music & Instruments,Studio Equipment,34999
PROD001139,Behringer UMC22 USB Audio,Behringer,Music & Instruments,Studio Equipment,3999
PROD001140,MIDI Controller APC40 MK2,Akai,Music & Instruments,Studio Equipment,24999
PROD001141,Blue Yeti USB Mic,Blue Microphones,Music & Instruments,Microphones,12999
PROD001142,SM58 Dynamic Vocal Mic,Shure,Music & Instruments,Microphones,9999
PROD001143,C214 Large Diaphragm Condenser,AKG,Music & Instruments,Microphones,29999
PROD001144,AT2020 Cardioid Condenser,Audio-Technica,Music & Instruments,Microphones,8999
PROD001145,NT1 5th Gen Studio Mic,Rode,Music & Instruments,Microphones,34999
PROD001146,Beta 58A Supercardioid Dynamic,Shure,Music & Instruments,Microphones,14999
PROD001147,MV7 Podcast Microphone,Shure,Music & Instruments,Microphones,19999
PROD001148,Neumann TLM 102 Condenser,Neumann,Music & Instruments,Microphones,84999
PROD001149,PGA48 Cardioid Dynamic Vocal,Shure,Music & Instruments,Microphones,4499
PROD001150,Wireless Clip-On Lavalier,DJI Mic,Music & Instruments,Microphones,26999
PROD001151,Student Violin 4/4 Outfit,Stentor,Music & Instruments,Violins,8999
PROD001152,Student II Violin 3/4,Stentor,Music & Instruments,Violins,7499
PROD001153,Intermediate Violin 4/4,Eastman,Music & Instruments,Violins,29999
PROD001154,Electric Violin Silent SV-200,Yamaha,Music & Instruments,Violins,54999
PROD001155,Carlo Robelli Violin 4/4 Kit,Sam Ash,Music & Instruments,Violins,12999
PROD001156,Cecilio CVN-300 Violin,Cecilio,Music & Instruments,Violins,9999
PROD001157,Artist 4/4 Violin,D Z Strad,Music & Instruments,Violins,24999
PROD001158,Merano 1/2 Size Violin Kit,Merano,Music & Instruments,Violins,6999
PROD001159,V3 Series Student Violin,Scott Cao,Music & Instruments,Violins,34999
PROD001160,SV-150 Electric Blue Violin,Yamaha,Music & Instruments,Violins,79999
PROD001161,Elden Ring PC Steam Key,Bandai Namco,Gaming,PC Games,3499
PROD001162,Cyberpunk 2077 PC Steam,CD Projekt Red,Gaming,PC Games,2999
PROD001163,Red Dead Redemption 2 PC,Rockstar Games,Gaming,PC Games,2999
PROD001164,Baldur's Gate 3 PC,Larian Studios,Gaming,PC Games,3499
PROD001165,Hogwarts Legacy PC,WB Games,Gaming,PC Games,3299
PROD001166,The Witcher 3 GOTY PC,CD Projekt Red,Gaming,PC Games,1499
PROD001167,GTA V Premium PC,Rockstar Games,Gaming,PC Games,1499
PROD001168,Starfield PC Game Pass,Bethesda,Gaming,PC Games,3499
PROD001169,Microsoft Flight Simulator,Xbox Game Studios,Gaming,PC Games,3999
PROD001170,Satisfactory Early Access,Coffee Stain Studios,Gaming,PC Games,1499
PROD001171,God of War Ragnarök PS5,Sony Santa Monica,Gaming,Console Games,4499
PROD001172,Hogwarts Legacy PS5,WB Games,Gaming,Console Games,3999
PROD001173,FIFA 24 PS5,EA Sports,Gaming,Console Games,3999
PROD001174,Zelda: Tears of the Kingdom Switch,Nintendo,Gaming,Console Games,4499
PROD001175,Forza Horizon 5 Xbox,Xbox Game Studios,Gaming,Console Games,3499
PROD001176,Spider-Man 2 PS5,Insomniac / Sony,Gaming,Console Games,4499
PROD001177,Super Mario Bros Wonder Switch,Nintendo,Gaming,Console Games,3999
PROD001178,Lies of P PS5,Neowiz,Gaming,Console Games,3499
PROD001179,Mortal Kombat 1 Xbox,NetherRealm / WB,Gaming,Console Games,3499
PROD001180,Alan Wake 2 PS5,Remedy Entertainment,Gaming,Console Games,3499
PROD001181,DualSense Edge Wireless Controller,Sony,Gaming,Gaming Accessories,17990
PROD001182,Xbox Elite Series 2 Controller,Microsoft,Gaming,Gaming Accessories,17999
PROD001183,SteelSeries Apex Pro TKL Keyboard,SteelSeries,Gaming,Gaming Accessories,14999
PROD001184,Logitech G502 X Gaming Mouse,Logitech,Gaming,Gaming Accessories,5495
PROD001185,Razer Kraken V3 HyperSense Headset,Razer,Gaming,Gaming Accessories,9999
PROD001186,HyperX Cloud Alpha S Headset,HyperX,Gaming,Gaming Accessories,7999
PROD001187,Elgato HD60 X Capture Card,Elgato,Gaming,Gaming Accessories,17999
PROD001188,Gaming Chair GT890M,GT Racing,Gaming,Gaming Accessories,14999
PROD001189,"240Hz Gaming Monitor 24.5""",BenQ Zowie,Gaming,Gaming Accessories,44999
PROD001190,PS5 HD Camera 1080p,Sony,Gaming,Gaming Accessories,5999
PROD001191,Quest 3 512GB Standalone VR,Meta,Gaming,VR Devices,59999
PROD001192,PlayStation VR2,Sony,Gaming,VR Devices,54990
PROD001193,Quest 2 128GB,Meta,Gaming,VR Devices,34999
PROD001194,Valve Index PC VR Full Kit,Valve,Gaming,VR Devices,89999
PROD001195,Bigscreen Beyond Micro OLED VR,Bigscreen,Gaming,VR Devices,119999
PROD001196,PICO 4 256GB All-in-One VR,ByteDance Pico,Gaming,VR Devices,39999
PROD001197,HP Reverb G2 PC VR,HP,Gaming,VR Devices,49999
PROD001198,Samsung Gear VR with Controller,Samsung,Gaming,VR Devices,3999
PROD001199,Oculus Rift S PC VR,Meta,Gaming,VR Devices,29999
PROD001200,Lenovo Explorer Mixed Reality,Lenovo,Gaming,VR Devices,19999
PROD001201,PlayStation Store Rs.5000 Gift Card,Sony PlayStation,Gaming,Game Codes,5000
PROD001202,Xbox Game Pass Ultimate 3 Months,Microsoft,Gaming,Game Codes,2999
PROD001203,Steam Wallet Rs.1000 Code,Valve Steam,Gaming,Game Codes,1000
PROD001204,Nintendo eShop Rs.3000 Card,Nintendo,Gaming,Game Codes,3000
PROD001205,EA Play 12 Months PC,Electronic Arts,Gaming,Game Codes,2999
PROD001206,Google Play Gift Card Rs.500,Google,Gaming,Game Codes,500
PROD001207,Battle.net Rs.2000 Balance,Blizzard,Gaming,Game Codes,2000
PROD001208,Ubisoft Credits Rs.1500,Ubisoft,Gaming,Game Codes,1500
PROD001209,Epic Games Store Rs.1000 Card,Epic Games,Gaming,Game Codes,1000
PROD001210,Xbox Live Gold 12 Months,Microsoft,Gaming,Game Codes,4499
PROD001211,LaserJet Pro M404dn Mono,HP,Office Supplies,Printers,24999
PROD001212,Pixma G3010 All-in-One,Canon,Office Supplies,Printers,11999
PROD001213,EcoTank ET-2850 Inkjet,Epson,Office Supplies,Printers,19999
PROD001214,OfficeJet Pro 9015e,HP,Office Supplies,Printers,17999
PROD001215,Workforce Pro WF-3820,Epson,Office Supplies,Printers,9999
PROD001216,Color LaserJet Pro M255dw,HP,Office Supplies,Printers,34999
PROD001217,ImageCLASS LBP6030 Mono,Canon,Office Supplies,Printers,8999
PROD001218,Thermal Label Printer LW-400,Brother,Office Supplies,Printers,9999
PROD001219,Inkjet A3 Printer L3558,Epson,Office Supplies,Printers,18999
PROD001220,Portable Inkless Printer Mini,HP Sprocket,Office Supplies,Printers,6999
PROD001221,Ergonomic Mesh Chair Pro,Herman Miller Aeron,Office Supplies,Office Chairs,149999
PROD001222,Mid-Back Ergonomic Office Chair,Green Soul,Office Supplies,Office Chairs,14999
PROD001223,High-Back Executive Chair,Featherlite,Office Supplies,Office Chairs,19999
PROD001224,Ergonomic Chair E1,Durian,Office Supplies,Office Chairs,12999
PROD001225,Mesh Task Chair ProGrid,HON,Office Supplies,Office Chairs,24999
PROD001226,Budget Office Chair OC001,Nilkamal,Office Supplies,Office Chairs,6999
PROD001227,Lumbar Support Chair,Havells,Office Supplies,Office Chairs,8999
PROD001228,Computer Chair Fixed Arms,Amazon Basics,Office Supplies,Office Chairs,9999
PROD001229,Director Chair Leather,Godrej Interio,Office Supplies,Office Chairs,29999
PROD001230,Active Sitting Balance Chair,Gaiam,Office Supplies,Office Chairs,4999
PROD001231,Steel Filing Cabinet 2-Drawer,Godrej,Office Supplies,Storage Cabinets,8999
PROD001232,Pedestal Cabinet 3-Drawer,Featherlite,Office Supplies,Storage Cabinets,6999
PROD001233,Lateral Filing Cabinet 4-Drawer,IKEA,Office Supplies,Storage Cabinets,12999
PROD001234,Locker Cabinet 4-Compartment,Nilkamal,Office Supplies,Storage Cabinets,7999
PROD001235,Open Shelf Bookcase 5-Shelf,IKEA,Office Supplies,Storage Cabinets,9999
PROD001236,Wooden Office Cabinet 2-Door,Durian,Office Supplies,Storage Cabinets,14999
PROD001237,Mobile Pedestal Under-Desk 3-Drawer,HomeTown,Office Supplies,Storage Cabinets,4999
PROD001238,Personal Locker Digital Lock,Master Lock,Office Supplies,Storage Cabinets,4999
PROD001239,Secure Document Cabinet Fireproof,SentrySafe,Office Supplies,Storage Cabinets,12999
PROD001240,Steel Almirah 2-Door Office,Godrej,Office Supplies,Storage Cabinets,14999
PROD001241,PowerLite L400U Laser WUXGA,Epson,Office Supplies,Projectors,249999
PROD001242,BenQ TH685P 1080p 3500lm,BenQ,Office Supplies,Projectors,59999
PROD001243,Xgimi Horizon Pro 4K,Xgimi,Office Supplies,Projectors,99999
PROD001244,ViewSonic PA503W 3600L WXGA,ViewSonic,Office Supplies,Projectors,44999
PROD001245,Optoma EH400 Full HD 4000L,Optoma,Office Supplies,Projectors,89999
PROD001246,MI Smart Compact Projector 2,Xiaomi,Office Supplies,Projectors,34999
PROD001247,Epson EB-X41 XGA 3600L,Epson,Office Supplies,Projectors,39999
PROD001248,LG CineBeam HU710PW 4K UST,LG,Office Supplies,Projectors,249999
PROD001249,Nebula Capsule 3 Projector,Anker Nebula,Office Supplies,Projectors,99999
PROD001250,Sony VPL-FHZ60 6000L Laser,Sony,Office Supplies,Projectors,499999
PROD001251,A4 Copier Paper 75GSM 500 Sheets,JK Paper,Office Supplies,Paper Supplies,299
PROD001252,A4 Premium Photo Paper 50 Sheets,Canon,Office Supplies,Paper Supplies,699
PROD001253,Carbonless Copy Paper A4 500,Bilt,Office Supplies,Paper Supplies,799
PROD001254,A3 Drawing Cartridge Paper 50 Sheets,Camlin,Office Supplies,Paper Supplies,499
PROD001255,Sticky Notes 76x76 5-Color Pack,Post-It,Office Supplies,Paper Supplies,299
PROD001256,Index Cards 4x6 Pack of 200,Oxford,Office Supplies,Paper Supplies,299
PROD001257,Thermal Paper Rolls 80mm 20pcs,Generic,Office Supplies,Paper Supplies,499
PROD001258,Crepe Paper Craft Rolls,Deli,Office Supplies,Paper Supplies,199
PROD001259,Ruled Pad A4 100 Sheets 5-Pack,Classmate,Office Supplies,Paper Supplies,299
PROD001260,Tracing Paper A3 50 Sheets,Brustro,Office Supplies,Paper Supplies,399
